adjacent_rule,route,rule,stratum,participants,days,TP,FP,FN,sensitivity,precision,F2,FP_per_day,FP_per_hour,delay_median,delay_mean,sensitivity_lo,sensitivity_hi,precision_lo,precision_hi,F2_lo,F2_hi,FP_per_day_lo,FP_per_day_hi,FP_per_hour_lo,FP_per_hour_hi,delay_median_lo,delay_median_hi,delay_mean_lo,delay_mean_hi,lockout_ignored
refractory,B,ours,overall,42,332,134,17.0,526,0.203,0.8874,0.2401,0.0512,0.0059,34.0,39.7836,0.1616,0.2436,0.7924,0.9667,0.1931,0.2855,0.015,0.1031,0.0017,0.0118,28.0,37.0,33.9396,46.2577,0.0
refractory,B,ours,healthy,15,119,29,10.0,208,0.1224,0.7436,0.1469,0.084,0.0092,29.0,41.3793,0.0638,0.1814,0.4865,1.0,0.0781,0.2148,0.0,0.2269,0.0,0.0249,24.0,44.0,28.7825,55.2694,0.0
refractory,B,ours,prediabetes,13,103,41,1.0,162,0.202,0.9762,0.24,0.0097,0.0012,39.0,44.3415,0.1366,0.2621,0.9348,1.0,0.1651,0.3075,0.0,0.0291,0.0,0.0036,28.0,60.0,32.342,60.4354,0.0
refractory,B,ours,T2D,14,110,64,6.0,156,0.2909,0.9143,0.3368,0.0545,0.0062,33.0,36.1406,0.2364,0.3472,0.8421,0.9726,0.2769,0.3981,0.018,0.1,0.0021,0.0111,25.0,37.0,30.4085,44.3793,0.0
refractory,B,ours,breakfast,42,332,84,,244,0.2561,,,,,28.0,38.0952,0.1939,0.3223,,,,,,,,,25.0,36.0,31.1017,46.6819,
refractory,B,ours,lunch,42,332,50,,282,0.1506,,,,,39.0,42.62,0.1088,0.1916,,,,,,,,,34.5,48.0,34.0,51.5918,
tp_lockout,B,ours,overall,42,332,135,18.0,525,0.2045,0.8824,0.2417,0.0542,0.0062,34.0,39.7111,0.1629,0.2455,0.7902,0.964,0.1945,0.2875,0.0151,0.1081,0.0017,0.0123,28.0,37.0,33.8559,46.1759,34.0
tp_lockout,B,ours,healthy,15,119,29,10.0,208,0.1224,0.7436,0.1469,0.084,0.0092,29.0,41.3793,0.0638,0.1814,0.4865,1.0,0.0781,0.2148,0.0,0.2269,0.0,0.0249,24.0,44.0,28.7825,55.2694,5.0
tp_lockout,B,ours,prediabetes,13,103,41,1.0,162,0.202,0.9762,0.24,0.0097,0.0012,39.0,44.3415,0.1366,0.2621,0.9348,1.0,0.1651,0.3075,0.0,0.0291,0.0,0.0036,28.0,60.0,32.342,60.4354,8.0
tp_lockout,B,ours,T2D,14,110,65,7.0,155,0.2955,0.9028,0.3414,0.0636,0.0073,32.0,36.0462,0.2387,0.3514,0.8214,0.9714,0.2792,0.4023,0.0182,0.1171,0.0021,0.0128,25.0,37.0,30.4084,44.1387,21.0
tp_lockout,B,ours,breakfast,42,332,85,,243,0.2591,,,,,28.0,38.0,0.1964,0.3282,,,,,,,,,25.0,35.0,31.0907,46.4879,
tp_lockout,B,ours,lunch,42,332,50,,282,0.1506,,,,,39.0,42.62,0.1088,0.1916,,,,,,,,,34.5,48.0,34.0,51.5918,
tp_lockout,B,review,overall,42,332,132,22.0,528,0.2,0.8571,0.2362,0.0663,0.0076,34.0,41.5152,0.1581,0.2404,0.7532,0.9452,0.1885,0.2814,0.024,0.1261,0.0027,0.0145,29.9875,38.5,35.7736,47.8252,33.0
tp_lockout,B,review,healthy,15,119,28,11.0,209,0.1181,0.7179,0.1418,0.0924,0.0101,30.5,43.1429,0.0611,0.178,0.4286,1.0,0.0736,0.2098,0.0,0.2521,0.0,0.0276,25.0,44.5,31.4847,55.9675,5.0
tp_lockout,B,review,prediabetes,13,103,40,3.0,163,0.197,0.9302,0.2339,0.0291,0.0035,40.5,48.025,0.1281,0.2609,0.8367,1.0,0.1546,0.3044,0.0,0.0769,0.0,0.0093,32.5,64.025,37.8766,63.9731,7.0
tp_lockout,B,review,T2D,14,110,64,8.0,156,0.2909,0.8889,0.3361,0.0727,0.0083,33.0,36.7344,0.2361,0.3455,0.8111,0.9589,0.276,0.3946,0.0273,0.1261,0.0032,0.0138,27.0,37.0,30.7565,44.7591,21.0
tp_lockout,B,review,breakfast,42,332,85,,243,0.2591,,,,,28.0,38.0,0.1964,0.3282,,,,,,,,,25.0,35.0,31.0907,46.4879,
tp_lockout,B,review,lunch,42,332,47,,285,0.1416,,,,,43.0,47.8723,0.1015,0.1826,,,,,,,,,36.0,51.0,40.1696,56.5477,
