subject,day,coverage,longest_missing_min,longest_internal_gap_min,n_breakfast,n_lunch,gap_status,valid,group
CGMacros-001,2020-05-02,0.515,699,0,0,1,gap_partial,False,healthy
CGMacros-001,2020-05-03,0.997,1,1,1,1,gap_ok,True,healthy
CGMacros-001,2020-05-04,1.0,0,0,1,1,gap_ok,True,healthy
CGMacros-001,2020-05-05,1.0,0,0,1,1,gap_ok,True,healthy
CGMacros-001,2020-05-06,1.0,0,0,1,1,gap_ok,True,healthy
CGMacros-001,2020-05-07,1.0,0,0,1,1,gap_ok,True,healthy
CGMacros-001,2020-05-08,1.0,0,0,1,1,gap_ok,True,healthy
CGMacros-001,2020-05-09,1.0,0,0,1,1,gap_ok,True,healthy
CGMacros-001,2020-05-10,1.0,0,0,1,1,gap_ok,True,healthy
CGMacros-001,2020-05-11,0.399,866,0,0,0,gap_partial,False,healthy
CGMacros-002,2019-11-16,0.158,1212,0,0,0,gap_partial,False,healthy
CGMacros-002,2019-11-17,1.0,0,0,1,1,gap_ok,True,healthy
CGMacros-002,2019-11-18,1.0,0,0,1,1,gap_ok,True,healthy
CGMacros-002,2019-11-19,1.0,0,0,1,1,gap_ok,True,healthy
CGMacros-002,2019-11-20,1.0,0,0,1,1,gap_ok,True,healthy
CGMacros-002,2019-11-21,1.0,0,0,1,1,gap_ok,True,healthy
CGMacros-002,2019-11-22,1.0,0,0,1,1,gap_ok,True,healthy
CGMacros-002,2019-11-23,1.0,0,0,1,1,gap_ok,True,healthy
CGMacros-002,2019-11-24,1.0,0,0,1,1,gap_ok,True,healthy
CGMacros-002,2019-11-25,0.34,951,0,0,0,gap_partial,False,healthy
CGMacros-003,2020-03-12,0.574,614,0,1,1,gap_partial,False,T2D
CGMacros-003,2020-03-13,0.99,1,1,1,1,gap_ok,True,T2D
CGMacros-003,2020-03-14,1.0,0,0,1,1,gap_ok,True,T2D
CGMacros-003,2020-03-15,1.0,0,0,1,1,gap_ok,True,T2D
CGMacros-003,2020-03-16,1.0,0,0,1,1,gap_ok,True,T2D
CGMacros-003,2020-03-17,1.0,0,0,1,1,gap_ok,True,T2D
CGMacros-003,2020-03-18,1.0,0,0,1,1,gap_ok,True,T2D
CGMacros-003,2020-03-19,1.0,0,0,1,1,gap_ok,True,T2D
CGMacros-003,2020-03-20,1.0,0,0,1,1,gap_ok,True,T2D
CGMacros-003,2020-03-21,0.34,951,0,1,0,gap_partial,False,T2D
CGMacros-004,2023-09-12,0.588,594,0,0,1,gap_partial,False,healthy
CGMacros-004,2023-09-13,1.0,0,0,1,1,gap_ok,True,healthy
CGMacros-004,2023-09-14,1.0,0,0,1,1,gap_ok,True,healthy
CGMacros-004,2023-09-15,1.0,0,0,1,1,gap_ok,True,healthy
CGMacros-004,2023-09-16,1.0,0,0,1,1,gap_ok,True,healthy
CGMacros-004,2023-09-17,1.0,0,0,1,1,gap_ok,True,healthy
CGMacros-004,2023-09-18,1.0,0,0,1,1,gap_ok,True,healthy
CGMacros-004,2023-09-19,1.0,0,0,1,1,gap_ok,True,healthy
CGMacros-004,2023-09-20,1.0,0,0,1,1,gap_ok,True,healthy
CGMacros-004,2023-09-21,0.326,971,0,1,0,gap_partial,False,healthy
CGMacros-005,2020-08-18,0.47,763,0,0,1,gap_partial,False,T2D
CGMacros-005,2020-08-19,1.0,0,0,1,1,gap_ok,True,T2D
CGMacros-005,2020-08-20,1.0,0,0,1,1,gap_ok,True,T2D
CGMacros-005,2020-08-21,1.0,0,0,1,1,gap_ok,True,T2D
CGMacros-005,2020-08-22,1.0,0,0,1,1,gap_ok,True,T2D
CGMacros-005,2020-08-23,1.0,0,0,1,1,gap_ok,True,T2D
CGMacros-005,2020-08-24,1.0,0,0,1,1,gap_ok,True,T2D
CGMacros-005,2020-08-25,1.0,0,0,1,1,gap_ok,True,T2D
CGMacros-005,2020-08-26,1.0,0,0,1,1,gap_ok,True,T2D
CGMacros-005,2020-08-27,0.443,802,0,1,0,gap_partial,False,T2D
CGMacros-006,2023-04-08,0.509,707,0,0,1,gap_partial,False,healthy
CGMacros-006,2023-04-09,1.0,0,0,1,1,gap_ok,True,healthy
CGMacros-006,2023-04-10,1.0,0,0,1,1,gap_ok,True,healthy
CGMacros-006,2023-04-11,1.0,0,0,1,1,gap_ok,True,healthy
CGMacros-006,2023-04-12,1.0,0,0,1,1,gap_ok,True,healthy
CGMacros-006,2023-04-13,1.0,0,0,1,1,gap_ok,True,healthy
CGMacros-006,2023-04-14,1.0,0,0,1,1,gap_ok,True,healthy
CGMacros-006,2023-04-15,1.0,0,0,1,1,gap_ok,True,healthy
CGMacros-006,2023-04-16,1.0,0,0,1,1,gap_ok,True,healthy
CGMacros-006,2023-04-17,0.404,858,0,1,0,gap_partial,False,healthy
CGMacros-007,2023-11-04,0.205,668,17,0,0,gap_partial,False,prediabetes
CGMacros-007,2023-11-05,0.76,7,7,1,1,gap_ok,True,prediabetes
CGMacros-007,2023-11-06,0.465,18,18,2,0,gap_ok,False,prediabetes
CGMacros-007,2023-11-07,0.524,19,19,1,1,gap_ok,True,prediabetes
CGMacros-007,2023-11-08,0.497,18,18,1,1,gap_ok,True,prediabetes
CGMacros-007,2023-11-09,0.453,22,22,0,1,gap_ok,False,prediabetes
CGMacros-007,2023-11-10,0.476,469,11,0,1,gap_partial,False,prediabetes
CGMacros-008,2023-01-31,0.54,663,0,0,1,gap_partial,False,prediabetes
CGMacros-008,2023-02-01,1.0,0,0,1,1,gap_ok,True,prediabetes
CGMacros-008,2023-02-02,1.0,0,0,1,1,gap_ok,True,prediabetes
CGMacros-008,2023-02-03,1.0,0,0,1,1,gap_ok,True,prediabetes
CGMacros-008,2023-02-04,1.0,0,0,1,1,gap_ok,True,prediabetes
CGMacros-008,2023-02-05,1.0,0,0,1,1,gap_ok,True,prediabetes
CGMacros-008,2023-02-06,0.979,4,4,1,1,gap_ok,True,prediabetes
CGMacros-008,2023-02-07,1.0,0,0,1,1,gap_ok,True,prediabetes
CGMacros-008,2023-02-08,1.0,0,0,1,1,gap_ok,True,prediabetes
CGMacros-008,2023-02-09,0.374,902,0,1,0,gap_partial,False,prediabetes
CGMacros-009,2020-09-16,0.532,674,0,0,1,gap_partial,False,prediabetes
CGMacros-009,2020-09-17,1.0,0,0,1,1,gap_ok,True,prediabetes
CGMacros-009,2020-09-18,1.0,0,0,1,1,gap_ok,True,prediabetes
CGMacros-009,2020-09-19,1.0,0,0,1,1,gap_ok,True,prediabetes
CGMacros-009,2020-09-20,1.0,0,0,1,1,gap_ok,True,prediabetes
CGMacros-009,2020-09-21,1.0,0,0,1,1,gap_ok,True,prediabetes
CGMacros-009,2020-09-22,1.0,0,0,1,1,gap_ok,True,prediabetes
CGMacros-009,2020-09-23,1.0,0,0,1,1,gap_ok,True,prediabetes
CGMacros-009,2020-09-24,1.0,0,0,1,1,gap_ok,True,prediabetes
CGMacros-009,2020-09-25,0.358,925,0,1,0,gap_partial,False,prediabetes
CGMacros-010,2020-06-22,0.565,626,0,0,1,gap_partial,False,prediabetes
CGMacros-010,2020-06-23,1.0,0,0,1,1,gap_ok,True,prediabetes
CGMacros-010,2020-06-24,1.0,0,0,1,1,gap_ok,True,prediabetes
CGMacros-010,2020-06-25,1.0,0,0,1,1,gap_ok,True,prediabetes
CGMacros-010,2020-06-26,1.0,0,0,1,1,gap_ok,True,prediabetes
CGMacros-010,2020-06-27,1.0,0,0,1,1,gap_ok,True,prediabetes
CGMacros-010,2020-06-28,1.0,0,0,1,1,gap_ok,True,prediabetes
CGMacros-010,2020-06-29,1.0,0,0,1,1,gap_ok,True,prediabetes
CGMacros-010,2020-06-30,1.0,0,0,1,1,gap_ok,True,prediabetes
CGMacros-010,2020-07-01,0.348,939,0,1,0,gap_partial,False,prediabetes
CGMacros-011,2020-10-04,0.563,629,0,0,1,gap_partial,False,prediabetes
CGMacros-011,2020-10-05,1.0,0,0,1,1,gap_ok,True,prediabetes
CGMacros-011,2020-10-06,1.0,0,0,1,1,gap_ok,True,prediabetes
CGMacros-011,2020-10-07,1.0,0,0,1,1,gap_ok,True,prediabetes
CGMacros-011,2020-10-08,1.0,0,0,1,1,gap_ok,True,prediabetes
CGMacros-011,2020-10-09,1.0,0,0,1,1,gap_ok,True,prediabetes
CGMacros-011,2020-10-10,1.0,0,0,1,1,gap_ok,True,prediabetes
CGMacros-011,2020-10-11,1.0,0,0,1,1,gap_ok,True,prediabetes
CGMacros-011,2020-10-12,1.0,0,0,1,1,gap_ok,True,prediabetes
CGMacros-011,2020-10-13,0.35,936,0,1,0,gap_partial,False,prediabetes
CGMacros-012,2023-02-27,0.587,595,0,0,1,gap_partial,False,T2D
CGMacros-012,2023-02-28,1.0,0,0,1,1,gap_ok,True,T2D
CGMacros-012,2023-03-01,1.0,0,0,1,1,gap_ok,True,T2D
CGMacros-012,2023-03-02,1.0,0,0,1,1,gap_ok,True,T2D
CGMacros-012,2023-03-03,1.0,0,0,1,1,gap_ok,True,T2D
CGMacros-012,2023-03-04,1.0,0,0,1,1,gap_ok,True,T2D
CGMacros-012,2023-03-05,1.0,0,0,1,1,gap_ok,True,T2D
CGMacros-012,2023-03-06,1.0,0,0,1,1,gap_ok,True,T2D
CGMacros-012,2023-03-07,1.0,0,0,1,1,gap_ok,True,T2D
CGMacros-012,2023-03-08,0.326,970,0,0,0,gap_partial,False,T2D
CGMacros-013,2024-01-26,0.547,653,0,0,1,gap_partial,False,prediabetes
CGMacros-013,2024-01-27,1.0,0,0,1,1,gap_ok,True,prediabetes
CGMacros-013,2024-01-28,1.0,0,0,1,1,gap_ok,True,prediabetes
CGMacros-013,2024-01-29,1.0,0,0,1,1,gap_ok,True,prediabetes
CGMacros-013,2024-01-30,1.0,0,0,1,1,gap_ok,True,prediabetes
CGMacros-013,2024-01-31,1.0,0,0,1,1,gap_ok,True,prediabetes
CGMacros-013,2024-02-01,1.0,0,0,1,1,gap_ok,True,prediabetes
CGMacros-013,2024-02-02,1.0,0,0,1,1,gap_ok,True,prediabetes
CGMacros-013,2024-02-03,1.0,0,0,1,1,gap_ok,True,prediabetes
CGMacros-013,2024-02-04,0.367,912,0,1,0,gap_partial,False,prediabetes
CGMacros-014,2023-05-10,0.575,612,0,0,1,gap_partial,False,T2D
CGMacros-014,2023-05-11,1.0,0,0,1,1,gap_ok,True,T2D
CGMacros-014,2023-05-12,1.0,0,0,1,1,gap_ok,True,T2D
CGMacros-014,2023-05-13,1.0,0,0,1,1,gap_ok,True,T2D
CGMacros-014,2023-05-14,1.0,0,0,1,1,gap_ok,True,T2D
CGMacros-014,2023-05-15,1.0,0,0,1,1,gap_ok,True,T2D
CGMacros-014,2023-05-16,1.0,0,0,1,1,gap_ok,True,T2D
CGMacros-014,2023-05-17,1.0,0,0,1,1,gap_ok,True,T2D
CGMacros-014,2023-05-18,1.0,0,0,1,1,gap_ok,True,T2D
CGMacros-014,2023-05-19,0.338,953,0,0,0,gap_partial,False,T2D
CGMacros-015,2024-01-26,0.569,621,0,0,1,gap_partial,False,healthy
CGMacros-015,2024-01-27,1.0,0,0,1,1,gap_ok,True,healthy
CGMacros-015,2024-01-28,1.0,0,0,1,1,gap_ok,True,healthy
CGMacros-015,2024-01-29,1.0,0,0,1,1,gap_ok,True,healthy
CGMacros-015,2024-01-30,1.0,0,0,1,1,gap_ok,True,healthy
CGMacros-015,2024-01-31,1.0,0,0,1,1,gap_ok,True,healthy
CGMacros-015,2024-02-01,1.0,0,0,1,1,gap_ok,True,healthy
CGMacros-015,2024-02-02,0.979,1,1,1,1,gap_ok,True,healthy
CGMacros-015,2024-02-03,0.979,2,2,1,1,gap_ok,True,healthy
CGMacros-015,2024-02-04,0.344,944,0,0,0,gap_partial,False,healthy
CGMacros-016,2023-07-15,0.567,623,0,0,0,gap_partial,False,prediabetes
CGMacros-016,2023-07-16,1.0,0,0,1,0,gap_ok,False,prediabetes
CGMacros-016,2023-07-17,1.0,0,0,1,0,gap_ok,False,prediabetes
CGMacros-016,2023-07-18,1.0,0,0,1,1,gap_ok,True,prediabetes
CGMacros-016,2023-07-19,1.0,0,0,1,0,gap_ok,False,prediabetes
CGMacros-016,2023-07-20,1.0,0,0,1,1,gap_ok,True,prediabetes
CGMacros-016,2023-07-21,1.0,0,0,1,1,gap_ok,True,prediabetes
CGMacros-016,2023-07-22,1.0,0,0,1,1,gap_ok,True,prediabetes
CGMacros-016,2023-07-23,1.0,0,0,1,1,gap_ok,True,prediabetes
CGMacros-016,2023-07-24,0.346,942,0,1,0,gap_partial,False,prediabetes
CGMacros-017,2023-10-11,0.583,601,0,1,1,gap_partial,False,healthy
CGMacros-017,2023-10-12,1.0,0,0,1,1,gap_ok,True,healthy
CGMacros-017,2023-10-13,1.0,0,0,1,1,gap_ok,True,healthy
CGMacros-017,2023-10-14,1.0,0,0,1,1,gap_ok,True,healthy
CGMacros-017,2023-10-15,1.0,0,0,1,1,gap_ok,True,healthy
CGMacros-017,2023-10-16,1.0,0,0,1,1,gap_ok,True,healthy
CGMacros-017,2023-10-17,1.0,0,0,1,1,gap_ok,True,healthy
CGMacros-017,2023-10-18,1.0,0,0,1,1,gap_ok,True,healthy
CGMacros-017,2023-10-19,1.0,0,0,1,1,gap_ok,True,healthy
CGMacros-017,2023-10-20,0.331,964,0,0,0,gap_partial,False,healthy
CGMacros-018,2024-01-29,0.0,1440,881,0,0,gap_internal,False,healthy
CGMacros-018,2024-01-30,0.0,1440,1440,0,0,gap_internal,False,healthy
CGMacros-018,2024-01-31,0.0,1440,1440,0,0,gap_internal,False,healthy
CGMacros-018,2024-02-01,0.0,1440,1440,0,0,gap_internal,False,healthy
CGMacros-018,2024-02-02,0.0,1440,1440,0,0,gap_internal,False,healthy
CGMacros-018,2024-02-03,0.0,1440,1440,0,0,gap_internal,False,healthy
CGMacros-018,2024-02-04,0.0,1440,1440,0,0,gap_internal,False,healthy
CGMacros-018,2024-02-05,0.0,1440,1440,0,0,gap_internal,False,healthy
CGMacros-018,2024-02-06,0.0,1440,1440,0,0,gap_internal,False,healthy
CGMacros-018,2024-02-07,0.572,616,616,1,1,gap_internal,False,healthy
CGMacros-018,2024-02-08,1.0,0,0,1,1,gap_ok,True,healthy
CGMacros-018,2024-02-09,1.0,0,0,1,1,gap_ok,True,healthy
CGMacros-018,2024-02-10,1.0,0,0,1,1,gap_ok,True,healthy
CGMacros-018,2024-02-11,1.0,0,0,1,1,gap_ok,True,healthy
CGMacros-018,2024-02-12,1.0,0,0,1,1,gap_ok,True,healthy
CGMacros-018,2024-02-13,1.0,0,0,1,1,gap_ok,True,healthy
CGMacros-018,2024-02-14,1.0,0,0,1,1,gap_ok,True,healthy
CGMacros-018,2024-02-15,1.0,0,0,1,1,gap_ok,True,healthy
CGMacros-018,2024-02-16,0.494,728,0,1,0,gap_partial,False,healthy
CGMacros-019,2020-09-30,0.596,582,0,1,1,gap_partial,False,healthy
CGMacros-019,2020-10-01,1.0,0,0,1,1,gap_ok,True,healthy
CGMacros-019,2020-10-02,1.0,0,0,1,1,gap_ok,True,healthy
CGMacros-019,2020-10-03,0.99,1,1,1,1,gap_ok,True,healthy
CGMacros-019,2020-10-04,1.0,0,0,1,1,gap_ok,True,healthy
CGMacros-019,2020-10-05,1.0,0,0,1,1,gap_ok,True,healthy
CGMacros-019,2020-10-06,1.0,0,0,1,1,gap_ok,True,healthy
CGMacros-019,2020-10-07,1.0,0,0,1,1,gap_ok,True,healthy
CGMacros-019,2020-10-08,1.0,0,0,1,1,gap_ok,True,healthy
CGMacros-019,2020-10-09,0.317,983,0,0,0,gap_partial,False,healthy
CGMacros-020,2024-03-20,0.631,531,0,0,1,gap_partial,False,prediabetes
CGMacros-020,2024-03-21,1.0,0,0,1,1,gap_ok,True,prediabetes
CGMacros-020,2024-03-22,1.0,0,0,1,1,gap_ok,True,prediabetes
CGMacros-020,2024-03-23,1.0,0,0,1,1,gap_ok,True,prediabetes
CGMacros-020,2024-03-24,1.0,0,0,1,1,gap_ok,True,prediabetes
CGMacros-020,2024-03-25,1.0,0,0,1,1,gap_ok,True,prediabetes
CGMacros-020,2024-03-26,1.0,0,0,1,1,gap_ok,True,prediabetes
CGMacros-020,2024-03-27,1.0,0,0,1,1,gap_ok,True,prediabetes
CGMacros-020,2024-03-28,1.0,0,0,1,1,gap_ok,True,prediabetes
CGMacros-020,2024-03-29,0.282,1034,0,1,0,gap_partial,False,prediabetes
CGMacros-021,2020-06-09,0.609,563,0,0,1,gap_partial,False,healthy
CGMacros-021,2020-06-10,1.0,0,0,1,1,gap_ok,True,healthy
CGMacros-021,2020-06-11,1.0,0,0,1,1,gap_ok,True,healthy
CGMacros-021,2020-06-12,1.0,0,0,1,1,gap_ok,True,healthy
CGMacros-021,2020-06-13,1.0,0,0,1,1,gap_ok,True,healthy
CGMacros-021,2020-06-14,1.0,0,0,1,1,gap_ok,True,healthy
CGMacros-021,2020-06-15,1.0,0,0,1,1,gap_ok,True,healthy
CGMacros-021,2020-06-16,1.0,0,0,1,1,gap_ok,True,healthy
CGMacros-021,2020-06-17,1.0,0,0,1,1,gap_ok,True,healthy
CGMacros-021,2020-06-18,0.304,1002,0,0,0,gap_partial,False,healthy
CGMacros-022,2021-03-29,0.61,562,0,0,1,gap_partial,False,prediabetes
CGMacros-022,2021-03-30,1.0,0,0,1,1,gap_ok,True,prediabetes
CGMacros-022,2021-03-31,1.0,0,0,1,1,gap_ok,True,prediabetes
CGMacros-022,2021-04-01,1.0,0,0,1,1,gap_ok,True,prediabetes
CGMacros-022,2021-04-02,1.0,0,0,1,1,gap_ok,True,prediabetes
CGMacros-022,2021-04-03,1.0,0,0,1,1,gap_ok,True,prediabetes
CGMacros-022,2021-04-04,1.0,0,0,1,1,gap_ok,True,prediabetes
CGMacros-022,2021-04-05,1.0,0,0,1,1,gap_ok,True,prediabetes
CGMacros-022,2021-04-06,1.0,0,0,1,1,gap_ok,True,prediabetes
CGMacros-022,2021-04-07,0.303,1003,0,0,0,gap_partial,False,prediabetes
CGMacros-023,2021-05-06,0.591,589,0,0,1,gap_partial,False,prediabetes
CGMacros-023,2021-05-07,1.0,0,0,1,1,gap_ok,True,prediabetes
CGMacros-023,2021-05-08,1.0,0,0,1,1,gap_ok,True,prediabetes
CGMacros-023,2021-05-09,1.0,0,0,1,1,gap_ok,True,prediabetes
CGMacros-023,2021-05-10,1.0,0,0,1,1,gap_ok,True,prediabetes
CGMacros-023,2021-05-11,1.0,0,0,1,1,gap_ok,True,prediabetes
CGMacros-023,2021-05-12,0.993,2,2,1,1,gap_ok,True,prediabetes
CGMacros-023,2021-05-13,1.0,0,0,1,1,gap_ok,True,prediabetes
CGMacros-023,2021-05-14,1.0,0,0,1,1,gap_ok,True,prediabetes
CGMacros-023,2021-05-15,0.322,976,0,0,0,gap_partial,False,prediabetes
CGMacros-026,2021-03-27,0.607,566,0,0,1,gap_partial,False,prediabetes
CGMacros-026,2021-03-28,1.0,0,0,1,0,gap_ok,False,prediabetes
CGMacros-026,2021-03-29,1.0,0,0,1,1,gap_ok,True,prediabetes
CGMacros-026,2021-03-30,0.925,108,108,1,1,gap_ok,True,prediabetes
CGMacros-026,2021-03-31,0.0,1440,1440,1,1,gap_internal,False,prediabetes
CGMacros-026,2021-04-01,0.388,882,882,1,0,gap_internal,False,prediabetes
CGMacros-026,2021-04-02,1.0,0,0,1,1,gap_ok,True,prediabetes
CGMacros-026,2021-04-03,1.0,0,0,1,1,gap_ok,True,prediabetes
CGMacros-026,2021-04-04,1.0,0,0,1,1,gap_ok,True,prediabetes
CGMacros-026,2021-04-05,1.0,0,0,1,0,gap_ok,False,prediabetes
CGMacros-026,2021-04-06,0.678,464,0,0,0,gap_partial,False,prediabetes
CGMacros-027,2024-06-11,0.609,563,0,0,1,gap_partial,False,healthy
CGMacros-027,2024-06-12,1.0,0,0,1,1,gap_ok,True,healthy
CGMacros-027,2024-06-13,1.0,0,0,1,1,gap_ok,True,healthy
CGMacros-027,2024-06-14,1.0,0,0,1,1,gap_ok,True,healthy
CGMacros-027,2024-06-15,1.0,0,0,1,1,gap_ok,True,healthy
CGMacros-027,2024-06-16,1.0,0,0,1,1,gap_ok,True,healthy
CGMacros-027,2024-06-17,1.0,0,0,1,1,gap_ok,True,healthy
CGMacros-027,2024-06-18,1.0,0,0,1,1,gap_ok,True,healthy
CGMacros-027,2024-06-19,1.0,0,0,1,1,gap_ok,True,healthy
CGMacros-027,2024-06-20,0.304,1002,0,0,0,gap_partial,False,healthy
CGMacros-028,2023-11-29,0.614,556,0,0,1,gap_partial,False,T2D
CGMacros-028,2023-11-30,1.0,0,0,1,1,gap_ok,True,T2D
CGMacros-028,2023-12-01,1.0,0,0,1,1,gap_ok,True,T2D
CGMacros-028,2023-12-02,1.0,0,0,1,1,gap_ok,True,T2D
CGMacros-028,2023-12-03,1.0,0,0,1,1,gap_ok,True,T2D
CGMacros-028,2023-12-04,1.0,0,0,1,1,gap_ok,True,T2D
CGMacros-028,2023-12-05,1.0,0,0,1,1,gap_ok,True,T2D
CGMacros-028,2023-12-06,1.0,0,0,1,1,gap_ok,True,T2D
CGMacros-028,2023-12-07,0.969,9,9,1,1,gap_ok,True,T2D
CGMacros-028,2023-12-08,0.299,1009,0,0,0,gap_partial,False,T2D
CGMacros-029,2024-01-18,0.607,566,0,0,1,gap_partial,False,prediabetes
CGMacros-029,2024-01-19,1.0,0,0,1,1,gap_ok,True,prediabetes
CGMacros-029,2024-01-20,1.0,0,0,1,1,gap_ok,True,prediabetes
CGMacros-029,2024-01-21,1.0,0,0,1,1,gap_ok,True,prediabetes
CGMacros-029,2024-01-22,1.0,0,0,1,1,gap_ok,True,prediabetes
CGMacros-029,2024-01-23,1.0,0,0,1,1,gap_ok,True,prediabetes
CGMacros-029,2024-01-24,1.0,0,0,1,1,gap_ok,True,prediabetes
CGMacros-029,2024-01-25,1.0,0,0,1,1,gap_ok,True,prediabetes
CGMacros-029,2024-01-26,1.0,0,0,1,1,gap_ok,True,prediabetes
CGMacros-029,2024-01-27,0.306,999,0,1,0,gap_partial,False,prediabetes
CGMacros-030,2021-01-24,0.598,579,0,0,1,gap_partial,False,T2D
CGMacros-030,2021-01-25,1.0,0,0,1,1,gap_ok,True,T2D
CGMacros-030,2021-01-26,1.0,0,0,1,1,gap_ok,True,T2D
CGMacros-030,2021-01-27,1.0,0,0,0,1,gap_ok,False,T2D
CGMacros-030,2021-01-28,1.0,0,0,1,1,gap_ok,True,T2D
CGMacros-030,2021-01-29,1.0,0,0,1,1,gap_ok,True,T2D
CGMacros-030,2021-01-30,1.0,0,0,1,1,gap_ok,True,T2D
CGMacros-030,2021-01-31,0.955,13,13,1,1,gap_ok,True,T2D
CGMacros-030,2021-02-01,1.0,0,0,1,1,gap_ok,True,T2D
CGMacros-030,2021-02-02,0.315,986,0,0,0,gap_partial,False,T2D
CGMacros-031,2022-06-30,0.163,1205,0,0,0,gap_partial,False,healthy
CGMacros-031,2022-07-01,1.0,0,0,1,1,gap_ok,True,healthy
CGMacros-031,2022-07-02,1.0,0,0,1,1,gap_ok,True,healthy
CGMacros-031,2022-07-03,1.0,0,0,1,1,gap_ok,True,healthy
CGMacros-031,2022-07-04,1.0,0,0,1,1,gap_ok,True,healthy
CGMacros-031,2022-07-05,1.0,0,0,1,1,gap_ok,True,healthy
CGMacros-031,2022-07-06,1.0,0,0,1,1,gap_ok,True,healthy
CGMacros-031,2022-07-07,1.0,0,0,1,1,gap_ok,True,healthy
CGMacros-031,2022-07-08,1.0,0,0,1,1,gap_ok,True,healthy
CGMacros-031,2022-07-09,0.332,962,0,1,0,gap_partial,False,healthy
CGMacros-032,2022-01-02,0.129,1254,0,0,0,gap_partial,False,healthy
CGMacros-032,2022-01-03,0.99,3,3,1,1,gap_ok,True,healthy
CGMacros-032,2022-01-04,1.0,0,0,1,1,gap_ok,True,healthy
CGMacros-032,2022-01-05,1.0,0,0,1,1,gap_ok,True,healthy
CGMacros-032,2022-01-06,1.0,0,0,1,1,gap_ok,True,healthy
CGMacros-032,2022-01-07,1.0,0,0,1,1,gap_ok,True,healthy
CGMacros-032,2022-01-08,1.0,0,0,1,1,gap_ok,True,healthy
CGMacros-032,2022-01-09,1.0,0,0,1,1,gap_ok,True,healthy
CGMacros-032,2022-01-10,1.0,0,0,1,1,gap_ok,True,healthy
CGMacros-032,2022-01-11,0.365,915,0,0,0,gap_partial,False,healthy
CGMacros-033,2022-04-17,0.546,639,1,0,1,gap_partial,False,healthy
CGMacros-033,2022-04-18,1.0,0,0,1,1,gap_ok,True,healthy
CGMacros-033,2022-04-19,1.0,0,0,1,1,gap_ok,True,healthy
CGMacros-033,2022-04-20,1.0,0,0,1,1,gap_ok,True,healthy
CGMacros-033,2022-04-21,1.0,0,0,1,1,gap_ok,True,healthy
CGMacros-033,2022-04-22,1.0,0,0,1,1,gap_ok,True,healthy
CGMacros-033,2022-04-23,1.0,0,0,1,1,gap_ok,True,healthy
CGMacros-033,2022-04-24,1.0,0,0,1,1,gap_ok,True,healthy
CGMacros-033,2022-04-25,1.0,0,0,1,1,gap_ok,True,healthy
CGMacros-033,2022-04-26,0.329,926,8,1,0,gap_partial,False,healthy
CGMacros-034,2022-03-03,0.569,621,0,0,1,gap_partial,False,healthy
CGMacros-034,2022-03-04,1.0,0,0,1,1,gap_ok,True,healthy
CGMacros-034,2022-03-05,1.0,0,0,1,1,gap_ok,True,healthy
CGMacros-034,2022-03-06,1.0,0,0,1,1,gap_ok,True,healthy
CGMacros-034,2022-03-07,1.0,0,0,1,1,gap_ok,True,healthy
CGMacros-034,2022-03-08,1.0,0,0,1,1,gap_ok,True,healthy
CGMacros-034,2022-03-09,1.0,0,0,1,1,gap_ok,True,healthy
CGMacros-034,2022-03-10,1.0,0,0,1,1,gap_ok,True,healthy
CGMacros-034,2022-03-11,1.0,0,0,1,1,gap_ok,True,healthy
CGMacros-034,2022-03-12,0.344,944,0,0,0,gap_partial,False,healthy
CGMacros-035,2024-12-13,0.572,616,0,0,1,gap_partial,False,T2D
CGMacros-035,2024-12-14,1.0,0,0,1,1,gap_ok,True,T2D
CGMacros-035,2024-12-15,1.0,0,0,1,1,gap_ok,True,T2D
CGMacros-035,2024-12-16,1.0,0,0,1,1,gap_ok,True,T2D
CGMacros-035,2024-12-17,1.0,0,0,1,1,gap_ok,True,T2D
CGMacros-035,2024-12-18,1.0,0,0,1,1,gap_ok,True,T2D
CGMacros-035,2024-12-19,1.0,0,0,1,1,gap_ok,True,T2D
CGMacros-035,2024-12-20,1.0,0,0,1,1,gap_ok,True,T2D
CGMacros-035,2024-12-21,1.0,0,0,1,1,gap_ok,True,T2D
CGMacros-035,2024-12-22,0.341,949,0,0,0,gap_partial,False,T2D
CGMacros-036,2022-03-30,0.536,668,0,0,1,gap_partial,False,T2D
CGMacros-036,2022-03-31,1.0,0,0,1,1,gap_ok,True,T2D
CGMacros-036,2022-04-01,1.0,0,0,1,1,gap_ok,True,T2D
CGMacros-036,2022-04-02,1.0,0,0,1,1,gap_ok,True,T2D
CGMacros-036,2022-04-03,1.0,0,0,1,1,gap_ok,True,T2D
CGMacros-036,2022-04-04,1.0,0,0,1,1,gap_ok,True,T2D
CGMacros-036,2022-04-05,1.0,0,0,1,1,gap_ok,True,T2D
CGMacros-036,2022-04-06,1.0,0,0,1,1,gap_ok,True,T2D
CGMacros-036,2022-04-07,1.0,0,0,1,1,gap_ok,True,T2D
CGMacros-036,2022-04-08,0.377,897,0,1,0,gap_partial,False,T2D
CGMacros-038,2022-01-26,0.57,619,0,0,1,gap_partial,False,T2D
CGMacros-038,2022-01-27,1.0,0,0,1,1,gap_ok,True,T2D
CGMacros-038,2022-01-28,1.0,0,0,1,1,gap_ok,True,T2D
CGMacros-038,2022-01-29,1.0,0,0,1,1,gap_ok,True,T2D
CGMacros-038,2022-01-30,1.0,0,0,1,1,gap_ok,True,T2D
CGMacros-038,2022-01-31,1.0,0,0,1,1,gap_ok,True,T2D
CGMacros-038,2022-02-01,1.0,0,0,1,1,gap_ok,True,T2D
CGMacros-038,2022-02-02,1.0,0,0,1,1,gap_ok,True,T2D
CGMacros-038,2022-02-03,1.0,0,0,1,1,gap_ok,True,T2D
CGMacros-038,2022-02-04,0.343,946,0,1,0,gap_partial,False,T2D
CGMacros-039,2025-02-08,0.556,639,0,0,1,gap_partial,False,T2D
CGMacros-039,2025-02-09,1.0,0,0,1,1,gap_ok,True,T2D
CGMacros-039,2025-02-10,1.0,0,0,1,1,gap_ok,True,T2D
CGMacros-039,2025-02-11,1.0,0,0,1,1,gap_ok,True,T2D
CGMacros-039,2025-02-12,1.0,0,0,1,1,gap_ok,True,T2D
CGMacros-039,2025-02-13,1.0,0,0,1,1,gap_ok,True,T2D
CGMacros-039,2025-02-14,1.0,0,0,1,1,gap_ok,True,T2D
CGMacros-039,2025-02-15,1.0,0,0,1,1,gap_ok,True,T2D
CGMacros-039,2025-02-16,1.0,0,0,1,1,gap_ok,True,T2D
CGMacros-039,2025-02-17,0.357,926,0,0,0,gap_partial,False,T2D
CGMacros-041,2022-04-27,0.574,613,0,0,1,gap_partial,False,prediabetes
CGMacros-041,2022-04-28,1.0,0,0,1,1,gap_ok,True,prediabetes
CGMacros-041,2022-04-29,1.0,0,0,1,1,gap_ok,True,prediabetes
CGMacros-041,2022-04-30,1.0,0,0,1,1,gap_ok,True,prediabetes
CGMacros-041,2022-05-01,1.0,0,0,1,1,gap_ok,True,prediabetes
CGMacros-041,2022-05-02,1.0,0,0,1,1,gap_ok,True,prediabetes
CGMacros-041,2022-05-03,1.0,0,0,1,1,gap_ok,True,prediabetes
CGMacros-041,2022-05-04,1.0,0,0,1,1,gap_ok,True,prediabetes
CGMacros-041,2022-05-05,1.0,0,0,1,1,gap_ok,True,prediabetes
CGMacros-041,2022-05-06,0.315,986,0,0,0,gap_partial,False,prediabetes
CGMacros-042,2025-07-26,0.524,685,0,0,1,gap_partial,False,T2D
CGMacros-042,2025-07-27,1.0,0,0,1,1,gap_ok,True,T2D
CGMacros-042,2025-07-28,1.0,0,0,1,0,gap_ok,False,T2D
CGMacros-042,2025-07-29,1.0,0,0,1,1,gap_ok,True,T2D
CGMacros-042,2025-07-30,1.0,0,0,1,1,gap_ok,True,T2D
CGMacros-042,2025-07-31,1.0,0,0,1,1,gap_ok,True,T2D
CGMacros-042,2025-08-01,1.0,0,0,1,1,gap_ok,True,T2D
CGMacros-042,2025-08-02,1.0,0,0,1,1,gap_ok,True,T2D
CGMacros-042,2025-08-03,1.0,0,0,1,1,gap_ok,True,T2D
CGMacros-042,2025-08-04,0.389,880,0,0,0,gap_partial,False,T2D
CGMacros-043,2025-10-15,0.569,621,0,0,1,gap_partial,False,prediabetes
CGMacros-043,2025-10-16,1.0,0,0,1,1,gap_ok,True,prediabetes
CGMacros-043,2025-10-17,1.0,0,0,1,1,gap_ok,True,prediabetes
CGMacros-043,2025-10-18,1.0,0,0,1,1,gap_ok,True,prediabetes
CGMacros-043,2025-10-19,0.99,1,1,1,1,gap_ok,True,prediabetes
CGMacros-043,2025-10-20,1.0,0,0,1,1,gap_ok,True,prediabetes
CGMacros-043,2025-10-21,1.0,0,0,1,1,gap_ok,True,prediabetes
CGMacros-043,2025-10-22,1.0,0,0,1,1,gap_ok,True,prediabetes
CGMacros-043,2025-10-23,1.0,0,0,1,1,gap_ok,True,prediabetes
CGMacros-043,2025-10-24,0.344,944,0,1,0,gap_partial,False,prediabetes
CGMacros-044,2022-10-18,0.591,589,0,1,1,gap_partial,False,prediabetes
CGMacros-044,2022-10-19,1.0,0,0,1,1,gap_ok,True,prediabetes
CGMacros-044,2022-10-20,1.0,0,0,1,1,gap_ok,True,prediabetes
CGMacros-044,2022-10-21,1.0,0,0,1,1,gap_ok,True,prediabetes
CGMacros-044,2022-10-22,1.0,0,0,1,1,gap_ok,True,prediabetes
CGMacros-044,2022-10-23,1.0,0,0,1,1,gap_ok,True,prediabetes
CGMacros-044,2022-10-24,1.0,0,0,1,1,gap_ok,True,prediabetes
CGMacros-044,2022-10-25,0.965,10,10,1,1,gap_ok,True,prediabetes
CGMacros-044,2022-10-26,1.0,0,0,1,1,gap_ok,True,prediabetes
CGMacros-044,2022-10-27,0.322,976,0,0,0,gap_partial,False,prediabetes
CGMacros-045,2025-03-26,0.167,1199,0,0,0,gap_partial,False,prediabetes
CGMacros-045,2025-03-27,1.0,0,0,1,1,gap_ok,True,prediabetes
CGMacros-045,2025-03-28,1.0,0,0,1,1,gap_ok,True,prediabetes
CGMacros-045,2025-03-29,1.0,0,0,1,1,gap_ok,True,prediabetes
CGMacros-045,2025-03-30,1.0,0,0,1,1,gap_ok,True,prediabetes
CGMacros-045,2025-03-31,1.0,0,0,1,1,gap_ok,True,prediabetes
CGMacros-045,2025-04-01,1.0,0,0,1,1,gap_ok,True,prediabetes
CGMacros-045,2025-04-02,1.0,0,0,1,1,gap_ok,True,prediabetes
CGMacros-045,2025-04-03,1.0,0,0,1,1,gap_ok,True,prediabetes
CGMacros-045,2025-04-04,0.328,967,0,0,0,gap_partial,False,prediabetes
CGMacros-046,2025-05-02,0.592,588,0,0,1,gap_partial,False,T2D
CGMacros-046,2025-05-03,0.99,1,1,1,1,gap_ok,True,T2D
CGMacros-046,2025-05-04,1.0,0,0,1,1,gap_ok,True,T2D
CGMacros-046,2025-05-05,1.0,0,0,1,1,gap_ok,True,T2D
CGMacros-046,2025-05-06,1.0,0,0,1,1,gap_ok,True,T2D
CGMacros-046,2025-05-07,1.0,0,0,1,1,gap_ok,True,T2D
CGMacros-046,2025-05-08,1.0,0,0,1,1,gap_ok,True,T2D
CGMacros-046,2025-05-09,1.0,0,0,1,1,gap_ok,True,T2D
CGMacros-046,2025-05-10,1.0,0,0,1,1,gap_ok,True,T2D
CGMacros-046,2025-05-11,0.322,977,0,0,0,gap_partial,False,T2D
CGMacros-047,2025-10-31,0.583,601,0,0,1,gap_partial,False,T2D
CGMacros-047,2025-11-01,1.0,0,0,1,1,gap_ok,True,T2D
CGMacros-047,2025-11-02,1.0,0,0,1,1,gap_ok,True,T2D
CGMacros-047,2025-11-03,1.0,0,0,1,1,gap_ok,True,T2D
CGMacros-047,2025-11-04,1.0,0,0,1,1,gap_ok,True,T2D
CGMacros-047,2025-11-05,1.0,0,0,1,1,gap_ok,True,T2D
CGMacros-047,2025-11-06,1.0,0,0,1,1,gap_ok,True,T2D
CGMacros-047,2025-11-07,0.979,6,6,1,1,gap_ok,True,T2D
CGMacros-047,2025-11-08,0.99,3,3,1,1,gap_ok,True,T2D
CGMacros-047,2025-11-09,0.331,964,0,0,0,gap_partial,False,T2D
CGMacros-048,2022-11-15,0.572,617,0,0,1,gap_partial,False,healthy
CGMacros-048,2022-11-16,1.0,0,0,1,1,gap_ok,True,healthy
CGMacros-048,2022-11-17,1.0,0,0,1,1,gap_ok,True,healthy
CGMacros-048,2022-11-18,1.0,0,0,1,1,gap_ok,True,healthy
CGMacros-048,2022-11-19,1.0,0,0,1,1,gap_ok,True,healthy
CGMacros-048,2022-11-20,1.0,0,0,1,1,gap_ok,True,healthy
CGMacros-048,2022-11-21,1.0,0,0,1,1,gap_ok,True,healthy
CGMacros-048,2022-11-22,1.0,0,0,1,1,gap_ok,True,healthy
CGMacros-048,2022-11-23,1.0,0,0,1,1,gap_ok,True,healthy
CGMacros-048,2022-11-24,0.342,948,0,0,0,gap_partial,False,healthy
CGMacros-049,2025-05-12,0.581,603,0,0,1,gap_partial,False,T2D
CGMacros-049,2025-05-13,1.0,0,0,1,1,gap_ok,True,T2D
CGMacros-049,2025-05-14,1.0,0,0,1,1,gap_ok,True,T2D
CGMacros-049,2025-05-15,1.0,0,0,1,1,gap_ok,True,T2D
CGMacros-049,2025-05-16,1.0,0,0,1,1,gap_ok,True,T2D
CGMacros-049,2025-05-17,1.0,0,0,1,1,gap_ok,True,T2D
CGMacros-049,2025-05-18,1.0,0,0,1,1,gap_ok,True,T2D
CGMacros-049,2025-05-19,1.0,0,0,1,1,gap_ok,True,T2D
CGMacros-049,2025-05-20,1.0,0,0,1,1,gap_ok,True,T2D
CGMacros-049,2025-05-21,0.332,962,0,0,0,gap_partial,False,T2D
