analysis,route,rule,group,events,median,q1,q3
main,B,excursion_end,overall,1328,78.0,40.0,150.0
main,B,excursion_end,healthy,489,55.0,30.0,110.0
main,B,excursion_end,prediabetes,420,87.5,45.0,150.2
main,B,excursion_end,T2D,419,110.0,58.0,180.0
main,B,refractory,overall,1100,85.0,44.0,157.0
main,B,refractory,healthy,369,56.0,33.0,119.0
main,B,refractory,prediabetes,348,90.0,48.0,154.2
main,B,refractory,T2D,383,112.0,60.0,180.0
main,A,excursion_end,overall,594,77.5,40.0,146.8
main,A,excursion_end,healthy,230,47.5,28.0,101.0
main,A,excursion_end,prediabetes,183,85.0,44.0,146.5
main,A,excursion_end,T2D,181,115.0,65.0,180.0
main,A,refractory,overall,514,89.5,45.0,164.0
main,A,refractory,healthy,170,56.5,28.5,113.0
main,A,refractory,prediabetes,173,95.0,50.0,164.0
main,A,refractory,T2D,171,115.0,69.5,180.0
same_raw,B,excursion_end,overall,1328,78.0,40.0,150.0
same_raw,B,excursion_end,healthy,489,55.0,30.0,110.0
same_raw,B,excursion_end,prediabetes,420,87.5,45.0,150.2
same_raw,B,excursion_end,T2D,419,110.0,58.0,180.0
same_raw,B,refractory,overall,1109,84.0,44.0,157.0
same_raw,B,refractory,healthy,377,55.0,32.0,118.0
same_raw,B,refractory,prediabetes,349,90.0,49.0,155.0
same_raw,B,refractory,T2D,383,112.0,60.0,180.0
same_raw,A,excursion_end,overall,594,77.5,40.0,146.8
same_raw,A,excursion_end,healthy,230,47.5,28.0,101.0
same_raw,A,excursion_end,prediabetes,183,85.0,44.0,146.5
same_raw,A,excursion_end,T2D,181,115.0,65.0,180.0
same_raw,A,refractory,overall,496,85.0,44.0,158.2
same_raw,A,refractory,healthy,171,50.0,28.5,109.0
same_raw,A,refractory,prediabetes,155,87.0,51.0,156.0
same_raw,A,refractory,T2D,170,114.5,65.5,180.0
