rule,route,stratum,feature,n,mean_det,mean_ref,ICC_A1,BA_bias,BA_loa_low,BA_loa_high
ours,A,overall,peak_time_min,253,50.0514,77.8656,0.5393,-27.8142,-92.4455,36.817
ours,A,overall,peak_height,253,75.6957,75.0609,0.9472,0.6347,-30.2414,31.5108
ours,A,overall,iauc,253,6785.7517,6495.7313,0.9468,290.0204,-3597.9048,4177.9456
ours,A,overall,recovery_time_min,253,81.2806,67.4387,0.5965,13.8419,-59.5091,87.1929
ours,A,healthy,peak_time_min,84,39.4405,60.6786,0.639,-21.2381,-78.967,36.4908
ours,A,healthy,peak_height,84,52.5611,54.383,0.9279,-1.8219,-30.1144,26.4706
ours,A,healthy,iauc,84,3747.396,4089.503,0.9525,-342.1069,-2973.6195,2289.4056
ours,A,healthy,recovery_time_min,84,68.2262,64.631,0.6207,3.5952,-78.9214,86.1119
ours,A,prediabetes,peak_time_min,80,52.375,85.8625,0.4583,-33.4875,-100.7333,33.7583
ours,A,prediabetes,peak_height,80,74.3338,71.4808,0.9588,2.8529,-21.2742,26.98
ours,A,prediabetes,iauc,80,6699.5462,6100.6075,0.9242,598.9388,-3053.8239,4251.7014
ours,A,prediabetes,recovery_time_min,80,91.3125,70.4375,0.5688,20.875,-52.2266,93.9766
ours,A,T2D,peak_time_min,89,57.9775,86.8989,0.4721,-28.9213,-95.8798,38.0371
ours,A,T2D,peak_height,89,98.7547,97.7953,0.9307,0.9594,-36.6265,38.5454
ours,A,T2D,iauc,89,9730.9013,9121.9458,0.94,608.9556,-4143.2418,5361.1529
ours,A,T2D,recovery_time_min,89,84.5843,67.3933,0.5864,17.191,-42.6976,77.0796
ours,A,breakfast,peak_time_min,143,43.007,69.7552,0.5764,-26.7483,-71.6301,18.1336
ours,A,breakfast,peak_height,143,77.7065,79.6775,0.9784,-1.971,-21.8355,17.8935
ours,A,breakfast,iauc,143,6337.4186,6505.9157,0.9731,-168.497,-3024.3783,2687.3843
ours,A,breakfast,recovery_time_min,143,75.1888,69.4126,0.7509,5.7762,-49.2182,60.7707
ours,A,lunch,peak_time_min,110,59.2091,88.4091,0.4831,-29.2,-112.9852,54.5852
ours,A,lunch,peak_height,110,73.0815,69.0595,0.9015,4.0221,-36.1185,44.1626
ours,A,lunch,iauc,110,7368.5847,6482.4916,0.9085,886.0931,-3792.0091,5564.1952
ours,A,lunch,recovery_time_min,110,89.2,64.8727,0.4699,24.3273,-63.6778,112.3323
ours,B,overall,peak_time_min,542,51.8118,78.048,0.5886,-26.2362,-90.8225,38.3502
ours,B,overall,peak_height,542,70.6185,69.2607,0.9379,1.3577,-30.5234,33.2388
ours,B,overall,iauc,542,6191.9349,5838.8589,0.9352,353.076,-3639.7853,4345.9374
ours,B,overall,recovery_time_min,542,77.5092,65.5314,0.6422,11.9779,-57.2729,81.2286
ours,B,healthy,peak_time_min,194,43.933,65.7629,0.6258,-21.8299,-82.9333,39.2735
ours,B,healthy,peak_height,194,51.2203,51.898,0.9486,-0.6777,-22.6085,21.2531
ours,B,healthy,iauc,194,3844.8786,3960.5754,0.9563,-115.6968,-2487.1972,2255.8037
ours,B,healthy,recovery_time_min,194,69.7423,64.2474,0.6843,5.4948,-65.0649,76.0546
ours,B,prediabetes,peak_time_min,160,50.6688,82.125,0.5357,-31.4562,-94.7857,31.8732
ours,B,prediabetes,peak_height,160,67.8542,65.3747,0.9433,2.4795,-23.591,28.55
ours,B,prediabetes,iauc,160,5777.6129,5292.6645,0.9268,484.9484,-2848.8649,3818.7617
ours,B,prediabetes,recovery_time_min,160,85.0062,67.9562,0.597,17.05,-55.0303,89.1303
ours,B,T2D,peak_time_min,188,60.9149,87.2553,0.5682,-26.3404,-94.4399,41.759
ours,B,T2D,peak_height,188,92.9883,90.4849,0.9119,2.5034,-40.3977,45.4045
ours,B,T2D,iauc,188,8966.5118,8241.9339,0.9158,724.5779,-4697.8869,6147.0427
ours,B,T2D,recovery_time_min,188,79.1436,64.7926,0.6324,14.3511,-49.2431,77.9452
ours,B,breakfast,peak_time_min,294,45.568,69.8639,0.6062,-24.2959,-77.7393,29.1475
ours,B,breakfast,peak_height,294,75.3472,76.6799,0.9562,-1.3327,-29.4374,26.772
ours,B,breakfast,iauc,294,6038.0239,6109.3239,0.9535,-71.3,-3725.0004,3582.4005
ours,B,breakfast,recovery_time_min,294,69.7007,65.5952,0.7552,4.1054,-49.3341,57.545
ours,B,lunch,peak_time_min,248,59.2137,87.75,0.5544,-28.5363,-104.1061,47.0335
ours,B,lunch,peak_height,248,65.0126,60.4655,0.9067,4.5471,-30.337,39.4313
ours,B,lunch,iauc,248,6374.394,5518.227,0.9066,856.167,-3301.2528,5013.5867
ours,B,lunch,recovery_time_min,248,86.7661,65.4556,0.5574,21.3105,-59.2928,101.9138
ours,Harvey2014_fixed,overall,peak_time_min,329,42.0243,76.462,0.477,-34.4377,-90.6985,21.8231
ours,Harvey2014_fixed,overall,peak_height,329,82.0457,91.2383,0.9024,-9.1926,-43.9135,25.5283
ours,Harvey2014_fixed,overall,iauc,329,6976.1125,7991.3465,0.9127,-1015.2341,-5611.3675,3580.8994
ours,Harvey2014_fixed,overall,recovery_time_min,329,80.7781,75.7173,0.6121,5.0608,-64.8255,74.947
ours,Harvey2014_fixed,healthy,peak_time_min,85,33.2588,64.3412,0.4923,-31.0824,-82.5213,20.3566
ours,Harvey2014_fixed,healthy,peak_height,85,66.3475,76.8676,0.8436,-10.5202,-46.5169,25.4766
ours,Harvey2014_fixed,healthy,iauc,85,4877.5606,6317.1841,0.8585,-1439.6235,-5767.536,2888.289
ours,Harvey2014_fixed,healthy,recovery_time_min,85,75.3529,78.7647,0.6214,-3.4118,-80.7743,73.9508
ours,Harvey2014_fixed,prediabetes,peak_time_min,103,34.9806,73.767,0.3395,-38.7864,-96.0875,18.5147
ours,Harvey2014_fixed,prediabetes,peak_height,103,73.0579,82.903,0.8885,-9.8451,-41.5107,21.8205
ours,Harvey2014_fixed,prediabetes,iauc,103,5571.2728,6854.9891,0.8825,-1283.7163,-5314.0375,2746.6048
ours,Harvey2014_fixed,prediabetes,recovery_time_min,103,82.0291,78.2039,0.6377,3.8252,-63.7366,71.3871
ours,Harvey2014_fixed,T2D,peak_time_min,141,52.4539,85.7376,0.5154,-33.2837,-91.1729,24.6055
ours,Harvey2014_fixed,T2D,peak_height,141,98.0746,105.9903,0.9139,-7.9156,-44.0374,28.2061
ours,Harvey2014_fixed,T2D,iauc,141,9267.4274,9830.6985,0.928,-563.2711,-5563.7084,4437.1662
ours,Harvey2014_fixed,T2D,recovery_time_min,141,83.1348,72.0638,0.5918,11.0709,-53.849,75.9909
ours,Harvey2014_fixed,breakfast,peak_time_min,201,36.6816,68.796,0.5034,-32.1144,-73.0161,8.7872
ours,Harvey2014_fixed,breakfast,peak_height,201,85.4373,95.2948,0.9498,-9.8576,-31.6703,11.9552
ours,Harvey2014_fixed,breakfast,iauc,201,6819.756,7938.482,0.953,-1118.726,-4327.7353,2090.2833
ours,Harvey2014_fixed,breakfast,recovery_time_min,201,73.6567,74.9851,0.7614,-1.3284,-53.2385,50.5817
ours,Harvey2014_fixed,lunch,peak_time_min,128,50.4141,88.5,0.4185,-38.0859,-111.9506,35.7787
ours,Harvey2014_fixed,lunch,peak_height,128,76.7198,84.8682,0.8057,-8.1484,-56.7007,40.404
ours,Harvey2014_fixed,lunch,iauc,128,7221.641,8074.3604,0.8276,-852.7193,-7031.1755,5325.7368
ours,Harvey2014_fixed,lunch,recovery_time_min,128,91.9609,76.8672,0.4347,15.0938,-72.8411,103.0286
review,A,overall,peak_time_min,249,47.4458,77.6586,0.5332,-30.2129,-91.4947,31.069
review,A,overall,peak_height,249,75.2293,76.0376,0.9498,-0.8083,-30.9003,29.2838
review,A,overall,iauc,249,6738.6446,6586.3287,0.9472,152.3159,-3757.3451,4061.977
review,A,overall,recovery_time_min,249,81.2691,68.3614,0.5878,12.9076,-61.9391,87.7543
review,A,healthy,peak_time_min,83,37.5181,61.494,0.6281,-23.9759,-80.181,32.2292
review,A,healthy,peak_height,83,51.6908,54.7276,0.9203,-3.0369,-32.7615,26.6878
review,A,healthy,iauc,83,3665.2542,4127.9252,0.9541,-462.671,-2993.9757,2068.6337
review,A,healthy,recovery_time_min,83,65.5542,65.1928,0.6448,0.3614,-79.6917,80.4145
review,A,prediabetes,peak_time_min,78,47.3077,84.2949,0.4189,-36.9872,-98.329,24.3547
review,A,prediabetes,peak_height,78,74.0359,72.8132,0.9619,1.2227,-22.502,24.9475
review,A,prediabetes,iauc,78,6620.4902,6224.6779,0.9236,395.8122,-3392.2683,4183.8928
review,A,prediabetes,recovery_time_min,78,93.5513,71.9744,0.5189,21.5769,-54.3089,97.4628
review,A,T2D,peak_time_min,88,56.9318,87.0227,0.5001,-30.0909,-94.0971,33.9153
review,A,T2D,peak_height,88,98.4883,98.9948,0.9389,-0.5065,-35.4003,34.3873
review,A,T2D,iauc,88,9742.1384,9225.6042,0.94,516.5342,-4250.7586,5283.827
review,A,T2D,recovery_time_min,88,85.2045,68.1477,0.5705,17.0568,-45.6282,79.7419
review,A,breakfast,peak_time_min,143,40.2448,69.7552,0.557,-29.5105,-70.6671,11.6461
review,A,breakfast,peak_height,143,76.7186,79.6775,0.9779,-2.9588,-22.5799,16.6623
review,A,breakfast,iauc,143,6227.4765,6505.9157,0.9709,-278.4392,-3209.0105,2652.1321
review,A,breakfast,recovery_time_min,143,75.6853,69.4126,0.752,6.2727,-48.9802,61.5257
review,A,lunch,peak_time_min,106,57.1604,88.3208,0.484,-31.1604,-112.2359,49.9152
review,A,lunch,peak_height,106,73.2201,71.1272,0.9082,2.093,-37.4202,41.6061
review,A,lunch,iauc,106,7428.2395,6694.8104,0.912,733.4291,-3979.0841,5445.9422
review,A,lunch,recovery_time_min,106,88.8019,66.9434,0.4378,21.8585,-70.6712,114.3882
review,B,overall,peak_time_min,532,49.0489,78.2857,0.5726,-29.2368,-90.6085,32.1348
review,B,overall,peak_height,532,70.4483,70.0188,0.934,0.4295,-32.5459,33.4049
review,B,overall,iauc,532,6166.7991,5920.117,0.933,246.6821,-3855.4331,4348.7974
review,B,overall,recovery_time_min,532,78.0714,66.218,0.6311,11.8534,-58.7927,82.4995
review,B,healthy,peak_time_min,190,41.8421,66.0684,0.6402,-24.2263,-80.9794,32.5268
review,B,healthy,peak_height,190,50.9346,52.7155,0.9433,-1.781,-24.679,21.117
review,B,healthy,iauc,190,3790.735,4035.1065,0.9582,-244.3715,-2539.2647,2050.5218
review,B,healthy,recovery_time_min,190,68.5,65.3158,0.6943,3.1842,-67.3594,73.7279
review,B,prediabetes,peak_time_min,158,47.6076,82.9873,0.5167,-35.3797,-93.883,23.1235
review,B,prediabetes,peak_height,158,66.7534,65.7718,0.9387,0.9816,-26.495,28.4582
review,B,prediabetes,iauc,158,5618.2016,5329.3373,0.9207,288.8643,-3277.3206,3855.0491
review,B,prediabetes,recovery_time_min,158,85.7089,68.1899,0.5593,17.519,-57.932,92.9699
review,B,T2D,peak_time_min,184,57.7283,86.8641,0.5278,-29.1359,-95.7749,37.5031
review,B,T2D,peak_height,184,93.7712,91.5332,0.9065,2.238,-41.726,46.2021
review,B,T2D,iauc,184,9091.4219,8373.8952,0.912,717.5267,-4818.9803,6254.0336
review,B,T2D,recovery_time_min,184,81.3967,65.4565,0.6213,15.9402,-47.2055,79.0859
review,B,breakfast,peak_time_min,294,42.915,69.8639,0.587,-26.949,-77.6749,23.7769
review,B,breakfast,peak_height,294,74.5592,76.6799,0.9546,-2.1207,-30.4452,26.2039
review,B,breakfast,iauc,294,5953.7259,6109.3239,0.9527,-155.598,-3827.6283,3516.4323
review,B,breakfast,recovery_time_min,294,70.0306,65.5952,0.7547,4.4354,-49.2163,58.0871
review,B,lunch,peak_time_min,238,56.6261,88.6891,0.538,-32.063,-104.1876,40.0615
review,B,lunch,peak_height,238,65.3702,61.7904,0.8989,3.5798,-33.5032,40.6628
review,B,lunch,iauc,238,6430.0072,5686.3908,0.9017,743.6164,-3650.4781,5137.7108
review,B,lunch,recovery_time_min,238,88.0042,66.9874,0.531,21.0168,-62.8716,104.9052
review,Harvey2014_fixed,overall,peak_time_min,323,40.808,76.5542,0.4718,-35.7461,-90.095,18.6027
review,Harvey2014_fixed,overall,peak_height,323,82.0802,92.0318,0.9025,-9.9517,-43.8494,23.946
review,Harvey2014_fixed,overall,iauc,323,6955.4765,8070.9563,0.9144,-1115.4798,-5589.7996,3358.84
review,Harvey2014_fixed,overall,recovery_time_min,323,80.8824,76.1548,0.6066,4.7276,-65.4006,74.8558
review,Harvey2014_fixed,healthy,peak_time_min,84,32.1071,64.4167,0.4978,-32.3095,-80.925,16.3059
review,Harvey2014_fixed,healthy,peak_height,84,65.904,77.2851,0.8516,-11.3811,-44.5026,21.7403
review,Harvey2014_fixed,healthy,iauc,84,4778.4067,6366.8387,0.8746,-1588.4319,-5287.2563,2110.3924
review,Harvey2014_fixed,healthy,recovery_time_min,84,74.8571,79.2857,0.6318,-4.4286,-80.806,71.9489
review,Harvey2014_fixed,prediabetes,peak_time_min,101,33.6931,74.099,0.3198,-40.4059,-95.7274,14.9155
review,Harvey2014_fixed,prediabetes,peak_height,101,72.2406,83.0327,0.8824,-10.7921,-42.8419,21.2577
review,Harvey2014_fixed,prediabetes,iauc,101,5437.448,6844.4073,0.8761,-1406.9593,-5464.3369,2650.4183
review,Harvey2014_fixed,prediabetes,recovery_time_min,101,81.3861,77.9703,0.6309,3.4158,-64.4632,71.2948
review,Harvey2014_fixed,T2D,peak_time_min,138,51.3116,85.7391,0.5136,-34.4275,-90.825,21.9699
review,Harvey2014_fixed,T2D,peak_height,138,99.1279,107.5945,0.9124,-8.4665,-44.1169,27.1838
review,Harvey2014_fixed,T2D,iauc,138,9391.6702,10005.937,0.9272,-614.2667,-5615.1327,4386.5992
review,Harvey2014_fixed,T2D,recovery_time_min,138,84.1812,72.9203,0.5751,11.2609,-54.2688,76.7906
review,Harvey2014_fixed,breakfast,peak_time_min,200,36.04,68.85,0.4957,-32.81,-72.3085,6.6885
review,Harvey2014_fixed,breakfast,peak_height,200,85.2548,95.5623,0.9477,-10.3075,-32.2049,11.5899
review,Harvey2014_fixed,breakfast,iauc,200,6788.633,7967.4434,0.9517,-1178.8104,-4377.3422,2019.7215
review,Harvey2014_fixed,breakfast,recovery_time_min,200,73.605,75.185,0.7606,-1.58,-53.3687,50.2087
review,Harvey2014_fixed,lunch,peak_time_min,123,48.561,89.0813,0.4184,-40.5203,-111.9956,30.955
review,Harvey2014_fixed,lunch,peak_height,123,76.9182,86.2913,0.8074,-9.3731,-56.7917,38.0455
review,Harvey2014_fixed,lunch,iauc,123,7226.7667,8239.27,0.8328,-1012.5033,-7019.5404,4994.5338
review,Harvey2014_fixed,lunch,recovery_time_min,123,92.7154,77.7317,0.4144,14.9837,-74.1644,104.1319
