rule,route,stratum,participants,days,scored_hours,lockout_ignored,TP,FP,FN,sensitivity,precision,F2,FP_per_day,FP_per_hour,delay_median,delay_mean,sensitivity_lo,sensitivity_hi,precision_lo,precision_hi,F2_lo,F2_hi,FP_per_day_lo,FP_per_day_hi,FP_per_hour_lo,FP_per_hour_hi,delay_median_lo,delay_median_hi,delay_mean_lo,delay_mean_hi,n_delay_zero
ours,A,overall,42,167,1462.0,125.0,253,67.0,80,0.7598,0.7906,0.7657,0.4012,0.0458,27.0,32.5731,0.7066,0.8133,0.753,0.8312,0.7213,0.8117,0.3072,0.4911,0.0348,0.0564,25.0,30.0,27.5093,38.252,1.0
ours,A,healthy,15,60,546.9,41.0,84,23.0,36,0.7,0.785,0.7155,0.3833,0.0421,25.0,29.3571,0.6,0.8,0.7321,0.8438,0.6261,0.7987,0.25,0.5167,0.0271,0.0576,23.0,29.0,24.815,34.5421,
ours,A,prediabetes,13,51,427.7,39.0,80,21.0,21,0.7921,0.7921,0.7921,0.4118,0.0491,28.0,34.7625,0.699,0.8654,0.7143,0.8791,0.7185,0.8551,0.2157,0.6275,0.0264,0.0736,23.9875,38.0,23.9341,48.6918,
ours,A,T2D,14,56,487.4,45.0,89,23.0,23,0.7946,0.7946,0.7946,0.4107,0.0472,28.0,33.6404,0.7321,0.8571,0.7333,0.8679,0.7361,0.8539,0.25,0.5536,0.0283,0.0654,24.0,33.0,25.7623,43.3829,
ours,A,breakfast,42,167,,,143,,23,0.8614,,,,,23.0,27.2098,0.7916,0.9281,,,,,,,,,22.0,25.0,22.6872,32.0701,
ours,A,lunch,42,167,,,110,,57,0.6587,,,,,35.0,39.5455,0.5868,0.7305,,,,,,,,,33.0,39.0,32.287,47.3713,
ours,B,overall,42,332,2904.3,300.0,542,182.0,118,0.8212,0.7486,0.8056,0.5482,0.0627,27.0,31.0369,0.7858,0.8533,0.6918,0.8041,0.7753,0.8355,0.3982,0.7246,0.0454,0.0826,24.0,29.0,26.7647,35.885,1.0
ours,B,healthy,15,119,1089.8,102.0,194,69.0,43,0.8186,0.7376,0.801,0.5798,0.0633,25.0,27.1907,0.7585,0.8792,0.6189,0.8448,0.741,0.8584,0.3,0.9746,0.0329,0.1075,23.0,27.0,22.6741,31.2022,
ours,B,prediabetes,13,103,850.4,91.0,160,37.0,43,0.7882,0.8122,0.7929,0.3592,0.0435,29.0,34.4438,0.703,0.8473,0.75,0.8798,0.7214,0.8445,0.2115,0.5147,0.0259,0.062,24.0,38.0,24.9878,47.2456,
ours,B,T2D,14,110,964.1,107.0,188,76.0,32,0.8545,0.7121,0.8217,0.6909,0.0788,27.0,32.1064,0.8243,0.8829,0.6267,0.8,0.7917,0.8489,0.4234,1.0187,0.0477,0.1155,21.0,31.0,25.1528,41.0746,
ours,B,breakfast,42,332,,,294,,34,0.8963,,,,,23.0,26.9626,0.8282,0.9547,,,,,,,,,20.0,24.0,22.4934,32.0847,
ours,B,lunch,42,332,,,248,,84,0.747,,,,,33.0,35.8669,0.7045,0.7922,,,,,,,,,30.0,36.0,30.9797,41.2458,
ours,Harvey2014_fixed,overall,42,332,2904.3,70.0,329,37.0,331,0.4985,0.8989,0.5472,0.1114,0.0127,33.0,37.9909,0.4275,0.5651,0.8509,0.9429,0.4767,0.6112,0.0601,0.1722,0.0069,0.0195,31.0,37.0,33.1864,43.9897,0.0
ours,Harvey2014_fixed,healthy,15,119,1089.8,17.0,85,10.0,152,0.3586,0.8947,0.4075,0.084,0.0092,31.0,33.4941,0.2375,0.5,0.789,0.98,0.278,0.5494,0.0167,0.1765,0.0018,0.0194,25.0,39.0,28.3997,39.5051,
ours,Harvey2014_fixed,prediabetes,13,103,850.4,14.0,103,5.0,100,0.5074,0.9537,0.5598,0.0485,0.0059,34.0,42.3592,0.4141,0.5971,0.8936,1.0,0.4663,0.644,0.0,0.1154,0.0,0.0137,32.0,45.0,34.4591,54.9905,
ours,Harvey2014_fixed,T2D,14,110,964.1,39.0,141,22.0,79,0.6409,0.865,0.6759,0.2,0.0228,33.0,37.5106,0.578,0.6982,0.7882,0.9367,0.6145,0.7311,0.0893,0.3333,0.01,0.0376,29.0,39.0,30.2726,48.5437,
ours,Harvey2014_fixed,breakfast,42,332,,,201,,127,0.6128,,,,,29.0,33.4527,0.5105,0.7117,,,,,,,,,26.0,32.0,28.5674,39.2996,
ours,Harvey2014_fixed,lunch,42,332,,,128,,204,0.3855,,,,,43.0,45.1172,0.3303,0.4371,,,,,,,,,38.0,47.0,39.607,51.6155,
review,A,overall,42,167,1462.0,117.0,249,75.0,84,0.7477,0.7685,0.7518,0.4491,0.0513,28.0,35.9478,0.6934,0.8018,0.7235,0.8185,0.7056,0.7985,0.3293,0.5663,0.0375,0.0647,26.0,31.5,31.0426,41.7836,1.0
review,A,healthy,15,60,546.9,37.0,83,30.0,37,0.6917,0.7345,0.6998,0.5,0.0549,26.0,32.747,0.5915,0.8,0.6593,0.8155,0.611,0.7895,0.3163,0.7,0.0337,0.0788,25.0,31.0,28.9182,37.1913,
review,A,prediabetes,13,51,427.7,35.0,78,23.0,23,0.7723,0.7723,0.7723,0.451,0.0538,30.0,39.2308,0.6832,0.8469,0.6833,0.881,0.7016,0.835,0.1961,0.7255,0.0244,0.0845,26.0,43.0,28.2874,54.3893,
review,A,T2D,14,56,487.4,45.0,88,22.0,24,0.7857,0.8,0.7885,0.3929,0.0451,29.0,36.0568,0.7232,0.8482,0.7339,0.8738,0.7273,0.8497,0.2321,0.5536,0.0265,0.0647,24.0,33.0125,28.4821,45.7559,
review,A,breakfast,42,167,,,143,,23,0.8614,,,,,24.0,30.951,0.7916,0.9281,,,,,,,,,23.0,26.0,26.3311,36.4214,
review,A,lunch,42,167,,,106,,61,0.6347,,,,,36.5,42.6887,0.5595,0.7108,,,,,,,,,33.0,40.0,36.1318,49.9651,
review,B,overall,42,332,2904.3,278.0,532,214.0,128,0.8061,0.7131,0.7856,0.6446,0.0737,28.0,35.7444,0.7692,0.8393,0.6549,0.7697,0.7538,0.817,0.4789,0.8399,0.0545,0.0959,26.0,30.0,31.4279,40.8578,1.0
review,B,healthy,15,119,1089.8,92.0,190,83.0,47,0.8017,0.696,0.7781,0.6975,0.0762,26.0,31.6368,0.7426,0.8644,0.574,0.8145,0.7171,0.839,0.3667,1.1527,0.04,0.1261,25.0,28.0,28.8507,34.387,
review,B,prediabetes,13,103,850.4,84.0,158,46.0,45,0.7783,0.7745,0.7776,0.4466,0.0541,30.0,39.5506,0.6935,0.8398,0.708,0.849,0.7057,0.8294,0.2718,0.6346,0.0332,0.0764,27.0,41.0,30.1707,52.7627,
review,B,T2D,14,110,964.1,102.0,184,85.0,36,0.8364,0.684,0.8007,0.7727,0.0882,28.0,36.7174,0.8028,0.8694,0.598,0.7749,0.7624,0.8341,0.4818,1.1215,0.0546,0.1275,22.0,34.0,29.2938,46.7125,
review,B,breakfast,42,332,,,294,,34,0.8963,,,,,23.0,30.568,0.8282,0.9547,,,,,,,,,21.0,25.0,25.7621,36.1451,
review,B,lunch,42,332,,,238,,94,0.7169,,,,,35.0,42.1387,0.6677,0.7658,,,,,,,,,33.0,38.0,37.9744,47.1372,
review,Harvey2014_fixed,overall,42,332,2904.3,67.0,323,46.0,337,0.4894,0.8753,0.5367,0.1386,0.0158,34.0,39.3653,0.4202,0.5532,0.8265,0.9202,0.468,0.5973,0.0836,0.2024,0.0095,0.023,31.0,38.0,34.8254,45.069,0.0
review,Harvey2014_fixed,healthy,15,119,1089.8,16.0,84,12.0,153,0.3544,0.875,0.4023,0.1008,0.011,31.0,34.75,0.2373,0.4936,0.7727,0.962,0.2764,0.5426,0.0252,0.1933,0.0028,0.0214,25.0,39.0,30.5649,39.8438,
review,Harvey2014_fixed,prediabetes,13,103,850.4,12.0,101,9.0,102,0.4975,0.9182,0.5477,0.0874,0.0106,37.0,44.0495,0.4079,0.5833,0.8512,0.9722,0.4596,0.6283,0.0288,0.1731,0.0035,0.0205,32.0,45.0,36.4952,56.1262,
review,Harvey2014_fixed,T2D,14,110,964.1,39.0,138,25.0,82,0.6273,0.8466,0.6616,0.2273,0.0259,34.0,38.7464,0.5701,0.6773,0.7677,0.9225,0.6072,0.7088,0.1081,0.3704,0.0122,0.042,30.0,40.0,31.5665,49.5566,
review,Harvey2014_fixed,breakfast,42,332,,,200,,128,0.6098,,,,,29.0,34.155,0.5061,0.7087,,,,,,,,,27.0,32.0,29.4486,39.9777,
review,Harvey2014_fixed,lunch,42,332,,,123,,209,0.3705,,,,,43.0,47.8374,0.3174,0.4209,,,,,,,,,39.0,47.0,42.8027,53.9372,
