min_height,meal,group,tp_error,tp_n,lim_style_error,lim_style_n,in_window_meals,ppgr_found_pct
10,breakfast,all,"16 [7, 31]",263,"18 [8, 37]",301,308,97.7
10,breakfast,healthy,"13 [6, 23]",93,"13 [6, 25]",102,109,93.6
10,breakfast,prediabetes,"18 [7, 47]",74,"22 [8, 58]",89,89,100.0
10,breakfast,T2D,"19 [8, 35]",96,"22 [8, 38]",110,110,100.0
10,lunch,all,"40 [26, 62]",185,"44 [26, 77]",178,237,75.1
10,lunch,healthy,"30 [19, 46]",68,"33 [20, 72]",75,105,71.4
10,lunch,prediabetes,"43 [28, 66]",65,"52 [29, 93]",53,62,85.5
10,lunch,T2D,"48 [40, 62]",52,"55 [40, 82]",50,70,71.4
10,all,all,"25 [10, 47]",448,"26 [11, 55]",479,545,87.9
10,all,healthy,"20 [8, 36]",161,"21 [9, 40]",177,214,82.7
10,all,prediabetes,"30 [12, 60]",139,"30 [12, 70]",142,151,94.0
10,all,T2D,"30 [12, 48]",148,"30 [12, 54]",160,180,88.9
20,breakfast,all,"16 [6, 29]",255,"17 [7, 34]",289,308,93.8
20,breakfast,healthy,"11 [6, 22]",88,"12 [6, 22]",95,109,87.2
20,breakfast,prediabetes,"17 [7, 34]",71,"21 [7, 50]",85,89,95.5
20,breakfast,T2D,"19 [8, 35]",96,"21 [8, 38]",109,110,99.1
20,lunch,all,"39 [24, 54]",151,"40 [23, 68]",143,237,60.3
20,lunch,healthy,"28 [18, 40]",54,"32 [19, 54]",60,105,57.1
20,lunch,prediabetes,"40 [27, 54]",54,"41 [26, 69]",41,62,66.1
20,lunch,T2D,"47 [38, 62]",43,"51 [38, 77]",42,70,60.0
20,all,all,"23 [9, 41]",406,"23 [9, 46]",432,545,79.3
20,all,healthy,"18 [8, 31]",142,"19 [8, 34]",155,214,72.4
20,all,prediabetes,"28 [10, 48]",125,"28 [9, 62]",126,151,83.4
20,all,T2D,"25 [12, 46]",139,"26 [12, 50]",151,180,83.9
30,breakfast,all,"15 [6, 30]",233,"16 [7, 34]",262,308,85.1
30,breakfast,healthy,"11 [5, 22]",72,"11 [5, 22]",77,109,70.6
30,breakfast,prediabetes,"13 [7, 34]",66,"20 [7, 44]",78,89,87.6
30,breakfast,T2D,"19 [8, 35]",95,"21 [8, 38]",107,110,97.3
30,lunch,all,"38 [23, 48]",123,"40 [23, 61]",117,237,49.4
30,lunch,healthy,"26 [17, 39]",44,"30 [18, 42]",47,105,44.8
30,lunch,prediabetes,"38 [26, 47]",42,"40 [22, 61]",32,62,51.6
30,lunch,T2D,"47 [39, 60]",37,"51 [39, 73]",38,70,54.3
30,all,all,"22 [8, 40]",356,"22 [9, 43]",379,545,69.5
30,all,healthy,"18 [8, 30]",116,"18 [8, 31]",124,214,57.9
30,all,prediabetes,"26 [9, 44]",108,"24 [9, 50]",110,151,72.8
30,all,T2D,"25 [9, 45]",132,"26 [12, 48]",145,180,80.6
