config,version,evaluation,group,TP,FP,FN,days,sensitivity,precision,F1,FP_per_day,delay_mean_min,delay_median_min,n_subjects,sens_subject_median_iqr,prec_subject_median_iqr,F1_subject_median_iqr,FPday_subject_median_iqr,scored_hours,FP_per_10_scored_h,n_lunch_eval,n_lunch_touched,TP_lunch,TP_lunch_touched
mask,persTMA,C05,all,145,129,137,171.45486111111111,0.5141843971631206,0.5291970802919708,0.5215827338129496,0.7523846169424249,29.841379310344827,22.0,44,"[0.321, 0.571, 0.714]","[0.406, 0.667, 0.75]","[0.353, 0.545, 0.708]","[0.272, 0.521, 1.042]",1514.8333333333333,0.8515788315546265,148,11,72,5
mask,persTMA,C05,T2D,55,50,35,55.14583333333334,0.6111111111111112,0.5238095238095238,0.5641025641025641,0.9066868152625612,40.472727272727276,31.0,14,"[0.571, 0.67, 0.825]","[0.469, 0.667, 0.8]","[0.325, 0.667, 0.782]","[0.226, 0.521, 0.792]",490.5833333333334,1.019194836079497,47,3,26,1
mask,persTMA,C05,healthy,53,39,43,57.09027777777778,0.5520833333333334,0.5760869565217391,0.5638297872340425,0.6831285731662815,22.037735849056602,17.0,15,"[0.429, 0.571, 0.667]","[0.477, 0.667, 0.75]","[0.472, 0.545, 0.641]","[0.292, 0.557, 0.944]",512.1666666666666,0.7614708753660918,50,5,24,2
mask,persTMA,C05,prediabetes,37,40,59,59.21874999999999,0.3854166666666667,0.4805194805194805,0.4277456647398844,0.6754617414248022,25.216216216216218,15.0,15,"[0.171, 0.375, 0.612]","[0.2, 0.667, 0.69]","[0.183, 0.4, 0.69]","[0.264, 0.518, 1.052]",512.0833333333334,0.7811228641171684,51,3,22,2
mask,persTMA,C05-15,all,177,93,105,171.45486111111111,0.6276595744680851,0.6555555555555556,0.6413043478260869,0.5424168168654692,21.887005649717516,14.0,44,"[0.5, 0.69, 0.833]","[0.619, 0.75, 0.857]","[0.5, 0.69, 0.833]","[0.224, 0.277, 0.634]",1514.8333333333333,0.6139289250742657,148,11,80,6
mask,persTMA,C05-15,T2D,61,42,29,55.14583333333334,0.6777777777777778,0.5922330097087378,0.6321243523316062,0.7616169248205514,34.0655737704918,24.0,14,"[0.607, 0.714, 0.865]","[0.635, 0.725, 0.958]","[0.542, 0.748, 0.825]","[0.052, 0.488, 0.752]",490.5833333333334,0.8561236623067775,47,3,27,2
mask,persTMA,C05-15,healthy,64,26,32,57.09027777777778,0.6666666666666666,0.7111111111111111,0.6881720430107527,0.455419048777521,14.78125,12.5,15,"[0.5, 0.667, 0.792]","[0.618, 0.75, 0.857]","[0.545, 0.667, 0.785]","[0.232, 0.278, 0.744]",512.1666666666666,0.5076472502440612,50,5,26,2
mask,persTMA,C05-15,prediabetes,52,25,44,59.21874999999999,0.5416666666666666,0.6753246753246753,0.6011560693641619,0.4221635883905014,16.346153846153847,7.0,15,"[0.343, 0.6, 0.775]","[0.633, 0.714, 0.833]","[0.45, 0.615, 0.833]","[0.252, 0.259, 0.507]",512.0833333333334,0.4882017900732302,51,3,27,2
mask,persTMA,native,all,206,126,100,171.45486111111111,0.673202614379085,0.6204819277108434,0.64576802507837,0.7348873002693452,6.165048543689321,5.0,44,"[0.554, 0.714, 0.844]","[0.563, 0.721, 1.0]","[0.545, 0.69, 0.8]","[0.0, 0.468, 0.922]",1946.0,0.6474820143884892,148,11,83,6
mask,persTMA,native,T2D,63,67,32,55.14583333333334,0.6631578947368421,0.4846153846153846,0.56,1.214960332451832,16.666666666666668,15.0,14,"[0.635, 0.714, 0.825]","[0.428, 0.667, 0.833]","[0.439, 0.69, 0.734]","[0.258, 0.528, 1.193]",626.0833333333334,1.0701450818581126,47,3,23,2
mask,persTMA,native,healthy,72,32,31,57.09027777777778,0.6990291262135923,0.6923076923076923,0.6956521739130435,0.5605157523415643,10.277777777777779,10.0,15,"[0.536, 0.667, 0.854]","[0.586, 0.667, 0.857]","[0.571, 0.667, 0.789]","[0.275, 0.467, 0.861]",658.5833333333335,0.4858914336327976,50,5,28,2
mask,persTMA,native,prediabetes,71,27,37,59.21874999999999,0.6574074074074074,0.7244897959183674,0.6893203883495146,0.4559366754617415,-7.323943661971831,-5.0,15,"[0.536, 0.714, 0.838]","[0.633, 0.778, 1.0]","[0.523, 0.769, 0.828]","[0.0, 0.259, 0.622]",661.3333333333334,0.40826612903225806,51,3,32,2
mask,popTMA,C05,all,110,166,173,173.02083333333334,0.38869257950530034,0.39855072463768115,0.3935599284436494,0.9594220349187236,32.67272727272727,16.0,45,"[0.167, 0.4, 0.6]","[0.25, 0.333, 0.571]","[0.167, 0.364, 0.533]","[0.524, 0.824, 1.297]",1545.0833333333333,1.0743757078906209,148,11,71,4
mask,popTMA,C05,T2D,43,53,46,55.14583333333334,0.48314606741573035,0.4479166666666667,0.4648648648648649,0.961088024178315,37.04651162790697,25.0,14,"[0.35, 0.464, 0.643]","[0.333, 0.4, 0.575]","[0.341, 0.441, 0.5]","[0.599, 0.918, 1.09]",490.5833333333334,1.0803465262442669,46,3,26,2
mask,popTMA,C05,healthy,21,63,75,57.09027777777778,0.21875,0.25,0.23333333333333334,1.1035153874224546,27.666666666666668,11.0,15,"[0.125, 0.167, 0.381]","[0.094, 0.25, 0.414]","[0.119, 0.167, 0.396]","[0.548, 0.834, 1.431]",512.1666666666666,1.2300683371298406,50,5,14,1
mask,popTMA,C05,prediabetes,46,50,52,60.78472222222222,0.46938775510204084,0.4791666666666667,0.4742268041237113,0.8225751171027077,30.869565217391305,13.0,16,"[0.186, 0.45, 0.757]","[0.229, 0.402, 0.736]","[0.202, 0.438, 0.8]","[0.437, 0.788, 1.292]",542.3333333333333,0.921942224953903,52,3,31,1
mask,popTMA,C05-15,all,165,105,118,173.02083333333334,0.5830388692579506,0.6111111111111112,0.596745027124774,0.6068633353401565,14.67878787878788,6.0,45,"[0.429, 0.625, 0.778]","[0.5, 0.714, 0.833]","[0.429, 0.667, 0.769]","[0.257, 0.476, 0.804]",1545.0833333333333,0.6795749959549108,148,11,90,6
mask,popTMA,C05-15,T2D,59,34,30,55.14583333333334,0.6629213483146067,0.6344086021505376,0.6483516483516484,0.6165470343785416,19.47457627118644,13.0,14,"[0.518, 0.69, 0.75]","[0.425, 0.75, 0.833]","[0.471, 0.69, 0.769]","[0.258, 0.493, 0.8]",490.5833333333334,0.693052488534058,46,3,28,2
mask,popTMA,C05-15,healthy,39,43,57,57.09027777777778,0.40625,0.47560975609756095,0.43820224719101125,0.753193042208977,2.282051282051282,-3.0,15,"[0.236, 0.5, 0.619]","[0.278, 0.6, 0.75]","[0.236, 0.545, 0.641]","[0.281, 0.47, 0.657]",512.1666666666666,0.8395704523267167,50,5,23,2
mask,popTMA,C05-15,prediabetes,67,28,31,60.78472222222222,0.6836734693877551,0.7052631578947368,0.694300518134715,0.4606420655775163,17.671641791044777,8.0,16,"[0.482, 0.764, 0.8]","[0.554, 0.75, 1.0]","[0.615, 0.708, 0.839]","[0.0, 0.373, 0.809]",542.3333333333333,0.5162876459741856,52,3,39,2
mask,popTMA,native,all,220,80,87,173.02083333333334,0.7166123778501629,0.7333333333333333,0.7248764415156508,0.46237206502107164,-5.863636363636363,-10.0,45,"[0.6, 0.75, 0.875]","[0.6, 0.833, 1.0]","[0.6, 0.778, 0.857]","[0.0, 0.262, 0.777]",1983.0,0.40342914775592537,148,11,97,8
mask,popTMA,native,T2D,69,34,25,55.14583333333334,0.7340425531914894,0.6699029126213593,0.700507614213198,0.6165470343785416,0.6521739130434783,-5.0,14,"[0.606, 0.714, 0.865]","[0.6, 0.668, 0.958]","[0.606, 0.774, 0.833]","[0.066, 0.653, 0.823]",626.0833333333334,0.5430586982563557,46,3,28,3
mask,popTMA,native,healthy,69,23,34,57.09027777777778,0.6699029126213593,0.75,0.7076923076923077,0.4028706969954993,-14.130434782608695,-15.0,15,"[0.5, 0.75, 0.857]","[0.757, 0.857, 1.0]","[0.6, 0.769, 0.857]","[0.0, 0.22, 0.37]",658.5833333333335,0.34923446792357327,50,5,31,3
mask,popTMA,native,prediabetes,82,23,28,60.78472222222222,0.7454545454545455,0.780952380952381,0.7627906976744186,0.3783845538672455,-4.390243902439025,-5.0,16,"[0.593, 0.775, 0.875]","[0.668, 0.817, 1.0]","[0.667, 0.801, 0.876]","[0.0, 0.264, 0.78]",698.3333333333333,0.32935560859188545,52,3,38,2
mask_nocarve,persTMA,C05,all,142,129,140,171.45486111111111,0.5035460992907801,0.5239852398523985,0.5135623869801085,0.7523846169424249,30.274647887323944,22.0,44,"[0.286, 0.571, 0.714]","[0.406, 0.667, 0.75]","[0.353, 0.536, 0.676]","[0.272, 0.521, 1.042]",1501.6666666666667,0.8590455049944505,148,11,69,2
mask_nocarve,persTMA,C05,T2D,55,50,35,55.14583333333334,0.6111111111111112,0.5238095238095238,0.5641025641025641,0.9066868152625612,40.472727272727276,31.0,14,"[0.571, 0.67, 0.825]","[0.469, 0.667, 0.8]","[0.325, 0.667, 0.782]","[0.226, 0.521, 0.792]",489.58333333333337,1.0212765957446808,47,3,26,1
mask_nocarve,persTMA,C05,healthy,52,39,44,57.09027777777778,0.5416666666666666,0.5714285714285714,0.5561497326203209,0.6831285731662815,22.173076923076923,17.5,15,"[0.381, 0.571, 0.667]","[0.477, 0.667, 0.708]","[0.444, 0.526, 0.641]","[0.292, 0.557, 0.944]",503.9166666666666,0.7739374896642965,50,5,23,1
mask_nocarve,persTMA,C05,prediabetes,35,40,61,59.21874999999999,0.3645833333333333,0.4666666666666667,0.4093567251461988,0.6754617414248022,26.285714285714285,16.0,15,"[0.171, 0.375, 0.6]","[0.2, 0.6, 0.69]","[0.183, 0.4, 0.641]","[0.264, 0.518, 1.052]",508.1666666666667,0.787143325680551,51,3,20,0
mask_nocarve,persTMA,C05-15,all,174,93,108,171.45486111111111,0.6170212765957447,0.651685393258427,0.6338797814207651,0.5424168168654692,22.103448275862068,14.0,44,"[0.5, 0.69, 0.808]","[0.619, 0.732, 0.857]","[0.5, 0.69, 0.808]","[0.224, 0.277, 0.634]",1501.6666666666667,0.6193118756936736,148,11,77,3
mask_nocarve,persTMA,C05-15,T2D,61,42,29,55.14583333333334,0.6777777777777778,0.5922330097087378,0.6321243523316062,0.7616169248205514,34.0655737704918,24.0,14,"[0.607, 0.714, 0.865]","[0.635, 0.725, 0.958]","[0.542, 0.748, 0.825]","[0.052, 0.488, 0.752]",489.58333333333337,0.8578723404255318,47,3,27,2
mask_nocarve,persTMA,C05-15,healthy,63,26,33,57.09027777777778,0.65625,0.7078651685393258,0.6810810810810811,0.455419048777521,14.777777777777779,12.0,15,"[0.5, 0.667, 0.792]","[0.618, 0.75, 0.857]","[0.523, 0.667, 0.785]","[0.232, 0.278, 0.744]",503.9166666666666,0.5159583264428643,50,5,25,1
mask_nocarve,persTMA,C05-15,prediabetes,50,25,46,59.21874999999999,0.5208333333333334,0.6666666666666666,0.5847953216374269,0.4221635883905014,16.74,7.0,15,"[0.33, 0.6, 0.775]","[0.633, 0.714, 0.817]","[0.45, 0.615, 0.817]","[0.252, 0.259, 0.507]",508.1666666666667,0.49196457855034437,51,3,25,0
mask_nocarve,persTMA,native,all,204,126,102,171.45486111111111,0.6666666666666666,0.6181818181818182,0.6415094339622641,0.7348873002693452,6.127450980392157,5.0,44,"[0.5, 0.714, 0.844]","[0.529, 0.721, 1.0]","[0.545, 0.667, 0.8]","[0.0, 0.468, 0.922]",1932.833333333333,0.6518927308786756,148,11,81,4
mask_nocarve,persTMA,native,T2D,63,67,32,55.14583333333334,0.6631578947368421,0.4846153846153846,0.56,1.214960332451832,16.666666666666668,15.0,14,"[0.635, 0.714, 0.825]","[0.428, 0.667, 0.833]","[0.439, 0.69, 0.734]","[0.258, 0.528, 1.193]",625.0833333333334,1.0718570857219036,47,3,23,2
mask_nocarve,persTMA,native,healthy,71,32,32,57.09027777777778,0.6893203883495146,0.6893203883495146,0.6893203883495146,0.5605157523415643,10.211267605633802,10.0,15,"[0.536, 0.667, 0.854]","[0.555, 0.667, 0.857]","[0.571, 0.667, 0.789]","[0.275, 0.467, 0.861]",650.3333333333335,0.4920553562275755,50,5,27,1
mask_nocarve,persTMA,native,prediabetes,70,27,38,59.21874999999999,0.6481481481481481,0.7216494845360825,0.6829268292682927,0.4559366754617415,-7.5,-5.0,15,"[0.5, 0.714, 0.838]","[0.633, 0.778, 1.0]","[0.523, 0.667, 0.828]","[0.0, 0.259, 0.622]",657.4166666666667,0.41069844086703,51,3,31,1
mask_nocarve,popTMA,C05,all,108,164,175,173.02083333333334,0.38162544169611307,0.39705882352941174,0.3891891891891892,0.9478627332931968,32.111111111111114,16.0,45,"[0.167, 0.4, 0.6]","[0.25, 0.333, 0.571]","[0.167, 0.364, 0.533]","[0.524, 0.817, 1.297]",1531.9166666666667,1.0705543164880595,148,11,69,2
mask_nocarve,popTMA,C05,T2D,43,53,46,55.14583333333334,0.48314606741573035,0.4479166666666667,0.4648648648648649,0.961088024178315,37.04651162790697,25.0,14,"[0.35, 0.464, 0.643]","[0.333, 0.4, 0.575]","[0.341, 0.441, 0.5]","[0.599, 0.918, 1.09]",489.58333333333337,1.0825531914893616,46,3,26,2
mask_nocarve,popTMA,C05,healthy,20,62,76,57.09027777777778,0.20833333333333334,0.24390243902439024,0.2247191011235955,1.0859992701617809,23.4,10.5,15,"[0.062, 0.167, 0.381]","[0.038, 0.25, 0.45]","[0.048, 0.167, 0.413]","[0.548, 0.817, 1.431]",503.9166666666666,1.230362163056061,50,5,13,0
mask_nocarve,popTMA,C05,prediabetes,45,49,53,60.78472222222222,0.45918367346938777,0.4787234042553192,0.46875,0.8061236147606535,31.266666666666666,13.0,16,"[0.186, 0.45, 0.757]","[0.238, 0.402, 0.7]","[0.205, 0.438, 0.745]","[0.437, 0.788, 1.221]",538.4166666666667,0.9100758396533043,52,3,30,0
mask_nocarve,popTMA,C05-15,all,162,105,121,173.02083333333334,0.5724381625441696,0.6067415730337079,0.5890909090909091,0.6068633353401565,14.932098765432098,6.0,45,"[0.429, 0.625, 0.778]","[0.429, 0.714, 0.833]","[0.429, 0.667, 0.769]","[0.257, 0.476, 0.804]",1531.9166666666667,0.6854158733612576,148,11,87,3
mask_nocarve,popTMA,C05-15,T2D,59,34,30,55.14583333333334,0.6629213483146067,0.6344086021505376,0.6483516483516484,0.6165470343785416,19.47457627118644,13.0,14,"[0.518, 0.69, 0.75]","[0.425, 0.75, 0.833]","[0.471, 0.69, 0.769]","[0.258, 0.493, 0.8]",489.58333333333337,0.6944680851063829,46,3,28,2
mask_nocarve,popTMA,C05-15,healthy,38,43,58,57.09027777777778,0.3958333333333333,0.4691358024691358,0.4293785310734463,0.753193042208977,2.473684210526316,-2.0,15,"[0.236, 0.5, 0.619]","[0.278, 0.6, 0.75]","[0.236, 0.5, 0.633]","[0.281, 0.47, 0.657]",503.9166666666666,0.8533156937324294,50,5,22,1
mask_nocarve,popTMA,C05-15,prediabetes,65,28,33,60.78472222222222,0.6632653061224489,0.6989247311827957,0.680628272251309,0.4606420655775163,18.092307692307692,8.0,16,"[0.482, 0.764, 0.8]","[0.554, 0.75, 1.0]","[0.615, 0.697, 0.814]","[0.0, 0.373, 0.809]",538.4166666666667,0.5200433369447454,52,3,37,0
mask_nocarve,popTMA,native,all,217,80,90,173.02083333333334,0.7068403908794788,0.7306397306397306,0.7185430463576159,0.46237206502107164,-5.668202764976958,-10.0,45,"[0.6, 0.714, 0.875]","[0.6, 0.833, 1.0]","[0.6, 0.769, 0.833]","[0.0, 0.262, 0.777]",1969.8333333333333,0.40612572975717065,148,11,94,5
mask_nocarve,popTMA,native,T2D,69,34,25,55.14583333333334,0.7340425531914894,0.6699029126213593,0.700507614213198,0.6165470343785416,0.6521739130434783,-5.0,14,"[0.606, 0.714, 0.865]","[0.6, 0.668, 0.958]","[0.606, 0.774, 0.833]","[0.066, 0.653, 0.823]",625.0833333333334,0.5439274763364884,46,3,28,3
mask_nocarve,popTMA,native,healthy,67,23,36,57.09027777777778,0.6504854368932039,0.7444444444444445,0.694300518134715,0.4028706969954993,-13.73134328358209,-15.0,15,"[0.5, 0.714, 0.845]","[0.757, 0.857, 1.0]","[0.6, 0.769, 0.829]","[0.0, 0.22, 0.37]",650.3333333333335,0.35366478728856987,50,5,29,1
mask_nocarve,popTMA,native,prediabetes,81,23,29,60.78472222222222,0.7363636363636363,0.7788461538461539,0.7570093457943925,0.3783845538672455,-4.382716049382716,-5.0,16,"[0.593, 0.757, 0.875]","[0.668, 0.817, 1.0]","[0.667, 0.774, 0.876]","[0.0, 0.264, 0.78]",694.4166666666667,0.33121324852994116,52,3,37,1
mask_retuned,persTMA,C05,all,161,141,121,171.45486111111111,0.5709219858156028,0.5331125827814569,0.5513698630136986,0.8223738836347435,30.453416149068325,22.0,44,"[0.394, 0.625, 0.723]","[0.406, 0.667, 0.75]","[0.433, 0.615, 0.727]","[0.277, 0.53, 1.099]",1514.8333333333333,0.9307954670480801,148,11,83,5
mask_retuned,persTMA,C05,T2D,60,52,30,55.14583333333334,0.6666666666666666,0.5357142857142857,0.594059405940594,0.9429542878730637,40.3,30.0,14,"[0.585, 0.714, 0.825]","[0.469, 0.667, 0.788]","[0.529, 0.667, 0.792]","[0.32, 0.521, 0.792]",490.5833333333334,1.059962629522677,47,3,29,1
mask_retuned,persTMA,C05,healthy,56,43,40,57.09027777777778,0.5833333333333334,0.5656565656565656,0.5743589743589743,0.753193042208977,23.178571428571427,18.0,15,"[0.429, 0.625, 0.69]","[0.477, 0.667, 0.75]","[0.472, 0.545, 0.686]","[0.367, 0.569, 0.944]",512.1666666666666,0.8395704523267167,50,5,25,2
mask_retuned,persTMA,C05,prediabetes,45,46,51,59.21874999999999,0.46875,0.4945054945054945,0.48128342245989303,0.7767810026385226,26.377777777777776,16.0,15,"[0.288, 0.571, 0.67]","[0.267, 0.667, 0.714]","[0.276, 0.6, 0.714]","[0.335, 0.519, 1.191]",512.0833333333334,0.8982912937347436,51,3,29,2
mask_retuned,persTMA,C05-15,all,193,103,89,171.45486111111111,0.6843971631205674,0.652027027027027,0.6678200692041523,0.6007412057757346,22.471502590673577,15.0,44,"[0.571, 0.714, 0.844]","[0.634, 0.732, 0.839]","[0.586, 0.732, 0.833]","[0.244, 0.426, 0.727]",1514.8333333333333,0.679942787985477,148,11,91,6
mask_retuned,persTMA,C05-15,T2D,66,44,24,55.14583333333334,0.7333333333333333,0.6,0.66,0.7978843974310539,34.39393939393939,27.5,14,"[0.714, 0.714, 0.865]","[0.635, 0.707, 0.833]","[0.667, 0.769, 0.825]","[0.223, 0.512, 0.752]",490.5833333333334,0.8968914557499573,47,3,30,2
mask_retuned,persTMA,C05-15,healthy,66,29,30,57.09027777777778,0.6875,0.6947368421052632,0.6910994764397905,0.5079674005595426,14.606060606060606,12.5,15,"[0.5, 0.667, 0.854]","[0.618, 0.75, 0.857]","[0.545, 0.667, 0.801]","[0.244, 0.285, 0.744]",512.1666666666666,0.5662219329645298,50,5,27,2
mask_retuned,persTMA,C05-15,prediabetes,61,30,35,59.21874999999999,0.6354166666666666,0.6703296703296703,0.6524064171122995,0.5065963060686016,18.081967213114755,8.0,15,"[0.586, 0.714, 0.8]","[0.667, 0.714, 0.833]","[0.608, 0.714, 0.833]","[0.252, 0.395, 0.536]",512.0833333333334,0.5858421480878763,51,3,34,2
mask_retuned,persTMA,native,all,231,138,75,171.45486111111111,0.7549019607843137,0.6260162601626016,0.6844444444444444,0.8048765669616639,5.259740259740259,5.0,44,"[0.667, 0.75, 0.875]","[0.563, 0.714, 0.857]","[0.571, 0.721, 0.824]","[0.261, 0.518, 0.967]",1946.0,0.7091469681397738,148,11,96,6
mask_retuned,persTMA,native,T2D,69,71,26,55.14583333333334,0.7263157894736842,0.4928571428571429,0.5872340425531914,1.287495277672837,17.17391304347826,20.0,14,"[0.714, 0.732, 0.825]","[0.428, 0.652, 0.804]","[0.575, 0.69, 0.761]","[0.311, 0.541, 1.208]",626.0833333333334,1.1340343404765074,47,3,27,2
mask_retuned,persTMA,native,healthy,76,36,27,57.09027777777778,0.7378640776699029,0.6785714285714286,0.7069767441860465,0.6305802213842598,8.289473684210526,7.5,15,"[0.598, 0.714, 0.938]","[0.586, 0.667, 0.817]","[0.571, 0.667, 0.838]","[0.278, 0.47, 0.861]",658.5833333333335,0.5466278628368972,50,5,30,2
mask_retuned,persTMA,native,prediabetes,86,31,22,59.21874999999999,0.7962962962962963,0.7350427350427351,0.7644444444444445,0.5234828496042216,-6.976744186046512,-5.0,15,"[0.714, 0.8, 0.875]","[0.657, 0.778, 1.0]","[0.657, 0.824, 0.861]","[0.0, 0.516, 0.622]",661.3333333333334,0.46875,51,3,39,2
mask_retuned,popTMA,C05,all,114,174,169,173.02083333333334,0.4028268551236749,0.3958333333333333,0.39929947460595444,1.0056592414208307,32.39473684210526,16.0,45,"[0.167, 0.4, 0.6]","[0.25, 0.333, 0.571]","[0.167, 0.364, 0.533]","[0.54, 0.824, 1.346]",1545.0833333333333,1.1261528504395664,148,11,75,4
mask_retuned,popTMA,C05,T2D,45,56,44,55.14583333333334,0.5056179775280899,0.44554455445544555,0.47368421052631576,1.0154892330940686,35.86666666666667,24.0,14,"[0.35, 0.464, 0.702]","[0.333, 0.388, 0.575]","[0.341, 0.414, 0.5]","[0.599, 0.918, 1.343]",490.5833333333334,1.1414982164090366,46,3,28,2
mask_retuned,popTMA,C05,healthy,22,66,74,57.09027777777778,0.22916666666666666,0.25,0.2391304347826087,1.1560637392044764,29.045454545454547,12.0,15,"[0.125, 0.167, 0.381]","[0.101, 0.25, 0.381]","[0.121, 0.167, 0.381]","[0.582, 0.834, 1.431]",512.1666666666666,1.2886430198503092,50,5,15,1
mask_retuned,popTMA,C05,prediabetes,47,52,51,60.78472222222222,0.47959183673469385,0.47474747474747475,0.47715736040609136,0.8554781217868159,30.638297872340427,13.0,16,"[0.186, 0.45, 0.783]","[0.223, 0.402, 0.736]","[0.2, 0.438, 0.808]","[0.437, 0.788, 1.308]",542.3333333333333,0.9588199139520591,52,3,32,1
mask_retuned,popTMA,C05-15,all,170,112,113,173.02083333333334,0.6007067137809188,0.6028368794326241,0.6017699115044248,0.6473208910295003,14.805882352941177,6.5,45,"[0.5, 0.625, 0.8]","[0.429, 0.667, 0.8]","[0.429, 0.667, 0.769]","[0.262, 0.478, 0.825]",1545.0833333333333,0.7248799956852382,148,11,95,6
mask_retuned,popTMA,C05-15,T2D,61,37,28,55.14583333333334,0.6853932584269663,0.6224489795918368,0.6524064171122995,0.6709482432942954,19.18032786885246,12.0,14,"[0.518, 0.69, 0.812]","[0.407, 0.75, 0.851]","[0.462, 0.69, 0.788]","[0.258, 0.493, 1.008]",490.5833333333334,0.7542041786988278,46,3,30,2
mask_retuned,popTMA,C05-15,healthy,40,46,56,57.09027777777778,0.4166666666666667,0.46511627906976744,0.43956043956043955,0.8057413939909986,3.675,-2.0,15,"[0.25, 0.5, 0.619]","[0.303, 0.571, 0.69]","[0.261, 0.545, 0.641]","[0.372, 0.539, 0.664]",512.1666666666666,0.8981451350471852,50,5,24,2
mask_retuned,popTMA,C05-15,prediabetes,69,29,29,60.78472222222222,0.7040816326530612,0.7040816326530612,0.7040816326530612,0.4770935679195704,17.391304347826086,8.0,16,"[0.554, 0.789, 0.819]","[0.554, 0.75, 1.0]","[0.625, 0.708, 0.844]","[0.0, 0.373, 0.851]",542.3333333333333,0.5347264904732637,52,3,41,2
mask_retuned,popTMA,native,all,227,87,80,173.02083333333334,0.739413680781759,0.7229299363057324,0.7310789049919485,0.5028296207104154,-6.58590308370044,-10.0,45,"[0.6, 0.75, 0.875]","[0.6, 0.833, 1.0]","[0.6, 0.778, 0.857]","[0.0, 0.269, 0.777]",1983.0,0.43872919818456885,148,11,102,8
mask_retuned,popTMA,native,T2D,72,36,22,55.14583333333334,0.7659574468085106,0.6666666666666666,0.7128712871287128,0.6528145069890441,0.1388888888888889,-5.0,14,"[0.606, 0.732, 1.0]","[0.6, 0.668, 0.871]","[0.606, 0.801, 0.901]","[0.263, 0.653, 0.823]",626.0833333333334,0.5750033275655531,46,3,31,3
mask_retuned,popTMA,native,healthy,71,26,32,57.09027777777778,0.6893203883495146,0.7319587628865979,0.71,0.455419048777521,-14.859154929577464,-15.0,15,"[0.5, 0.75, 0.857]","[0.757, 0.857, 1.0]","[0.6, 0.769, 0.838]","[0.0, 0.253, 0.462]",658.5833333333335,0.394786789826648,50,5,31,3
mask_retuned,popTMA,native,prediabetes,84,25,26,60.78472222222222,0.7636363636363637,0.7706422018348624,0.7671232876712328,0.41128755855135385,-5.357142857142857,-5.0,16,"[0.686, 0.775, 0.875]","[0.668, 0.817, 1.0]","[0.667, 0.789, 0.876]","[0.0, 0.264, 0.784]",698.3333333333333,0.3579952267303103,52,3,40,2
window,persTMA,C05,all,145,178,137,171.45486111111111,0.5141843971631206,0.44891640866873067,0.4793388429752066,1.038174122602726,29.841379310344827,22.0,44,"[0.321, 0.571, 0.714]","[0.333, 0.528, 0.667]","[0.317, 0.5, 0.667]","[0.519, 0.823, 1.298]",1712.4166666666667,1.0394666407124433,148,11,72,5
window,persTMA,C05,T2D,55,62,35,55.14583333333334,0.6111111111111112,0.4700854700854701,0.5314009661835749,1.124291650925576,40.472727272727276,31.0,14,"[0.571, 0.67, 0.825]","[0.427, 0.612, 0.667]","[0.319, 0.615, 0.667]","[0.474, 0.77, 1.082]",546.4166666666666,1.134665243251487,47,3,26,1
window,persTMA,C05,healthy,53,49,43,57.09027777777778,0.5520833333333334,0.5196078431372549,0.5353535353535354,0.8582897457730203,22.037735849056602,17.0,15,"[0.429, 0.571, 0.667]","[0.381, 0.5, 0.69]","[0.422, 0.526, 0.641]","[0.486, 0.608, 1.133]",560.8333333333334,0.8736998514115898,50,5,24,2
window,persTMA,C05,prediabetes,37,67,59,59.21874999999999,0.3854166666666667,0.3557692307692308,0.37,1.1313984168865436,25.216216216216218,15.0,15,"[0.171, 0.375, 0.612]","[0.167, 0.4, 0.563]","[0.154, 0.4, 0.583]","[0.769, 1.072, 1.429]",605.1666666666666,1.1071330212062793,51,3,22,2
window,persTMA,C05-15,all,177,142,105,171.45486111111111,0.6276595744680851,0.554858934169279,0.589018302828619,0.8282063225257701,21.887005649717516,14.0,44,"[0.5, 0.69, 0.833]","[0.444, 0.636, 0.723]","[0.468, 0.667, 0.74]","[0.303, 0.751, 1.007]",1712.4166666666667,0.829237432478466,148,11,80,6
window,persTMA,C05-15,T2D,61,54,29,55.14583333333334,0.6777777777777778,0.5304347826086957,0.5951219512195122,0.9792217604835661,34.0655737704918,24.0,14,"[0.607, 0.714, 0.865]","[0.56, 0.631, 0.792]","[0.475, 0.667, 0.764]","[0.311, 0.77, 1.04]",546.4166666666666,0.9882568247674242,47,3,27,2
window,persTMA,C05-15,healthy,64,36,32,57.09027777777778,0.6666666666666666,0.64,0.6530612244897959,0.6305802213842598,14.78125,12.5,15,"[0.5, 0.667, 0.792]","[0.55, 0.667, 0.75]","[0.523, 0.615, 0.743]","[0.281, 0.608, 0.857]",560.8333333333334,0.6419019316493313,50,5,26,2
window,persTMA,C05-15,prediabetes,52,52,44,59.21874999999999,0.5416666666666666,0.5,0.52,0.8781002638522428,16.346153846153847,7.0,15,"[0.343, 0.6, 0.775]","[0.388, 0.571, 0.667]","[0.4, 0.571, 0.714]","[0.517, 0.762, 1.029]",605.1666666666666,0.8592674194436795,51,3,27,2
window,persTMA,native,all,206,161,100,171.45486111111111,0.673202614379085,0.5613079019073569,0.612184249628529,0.9390226614552745,6.165048543689321,5.0,44,"[0.554, 0.714, 0.844]","[0.5, 0.6, 0.833]","[0.5, 0.62, 0.769]","[0.277, 0.714, 1.097]",2143.5833333333335,0.7510788010729696,148,11,83,6
window,persTMA,native,T2D,63,75,32,55.14583333333334,0.6631578947368421,0.45652173913043476,0.5407725321888412,1.360030222893842,16.666666666666668,15.0,14,"[0.635, 0.714, 0.825]","[0.42, 0.536, 0.833]","[0.439, 0.594, 0.711]","[0.258, 0.927, 1.337]",681.9166666666667,1.0998411340584138,47,3,23,2
window,persTMA,native,healthy,72,43,31,57.09027777777778,0.6990291262135923,0.6260869565217392,0.6605504587155964,0.753193042208977,10.277777777777779,10.0,15,"[0.536, 0.667, 0.854]","[0.547, 0.6, 0.722]","[0.571, 0.625, 0.764]","[0.462, 0.811, 1.044]",707.25,0.607988688582538,50,5,28,2
window,persTMA,native,prediabetes,71,43,37,59.21874999999999,0.6574074074074074,0.6228070175438597,0.6396396396396397,0.7261213720316624,-7.323943661971831,-5.0,15,"[0.536, 0.714, 0.838]","[0.55, 0.667, 0.806]","[0.453, 0.762, 0.774]","[0.292, 0.536, 0.861]",754.4166666666666,0.5699768032696344,51,3,32,2
window,popTMA,C05,all,110,233,173,173.02083333333334,0.38869257950530034,0.3206997084548105,0.3514376996805112,1.346658639373871,32.67272727272727,16.0,45,"[0.167, 0.4, 0.6]","[0.143, 0.308, 0.429]","[0.154, 0.333, 0.5]","[0.777, 1.34, 1.875]",1742.75,1.336967436522737,148,11,71,4
window,popTMA,C05,T2D,43,75,46,55.14583333333334,0.48314606741573035,0.3644067796610169,0.41545893719806765,1.360030222893842,37.04651162790697,25.0,14,"[0.35, 0.464, 0.643]","[0.259, 0.333, 0.394]","[0.291, 0.411, 0.457]","[1.06, 1.443, 1.654]",546.4166666666666,1.3725789232880892,46,3,26,2
window,popTMA,C05,healthy,21,76,75,57.09027777777778,0.21875,0.21649484536082475,0.21761658031088082,1.3312249118112152,27.666666666666668,11.0,15,"[0.125, 0.167, 0.381]","[0.091, 0.143, 0.367]","[0.108, 0.167, 0.381]","[0.68, 0.94, 1.845]",560.8333333333334,1.3551263001485883,50,5,14,1
window,popTMA,C05,prediabetes,46,82,52,60.78472222222222,0.46938775510204084,0.359375,0.40707964601769914,1.3490231920484406,30.869565217391305,13.0,16,"[0.186, 0.45, 0.757]","[0.161, 0.317, 0.511]","[0.17, 0.376, 0.586]","[0.935, 1.341, 1.888]",635.5,1.2903225806451613,52,3,31,1
window,popTMA,C05-15,all,165,172,118,173.02083333333334,0.5830388692579506,0.4896142433234421,0.532258064516129,0.994099939795304,14.67878787878788,6.0,45,"[0.429, 0.625, 0.778]","[0.333, 0.5, 0.667]","[0.4, 0.545, 0.667]","[0.545, 0.777, 1.346]",1742.75,0.986945918806484,148,11,90,6
window,popTMA,C05-15,T2D,59,56,30,55.14583333333334,0.6629213483146067,0.5130434782608696,0.5784313725490197,1.0154892330940686,19.47457627118644,13.0,14,"[0.518, 0.69, 0.75]","[0.333, 0.625, 0.667]","[0.433, 0.62, 0.712]","[0.569, 0.78, 1.49]",546.4166666666666,1.0248589293884398,46,3,28,2
window,popTMA,C05-15,healthy,39,56,57,57.09027777777778,0.40625,0.4105263157894737,0.4083769633507853,0.9809025665977374,2.282051282051282,-3.0,15,"[0.236, 0.5, 0.619]","[0.278, 0.5, 0.6]","[0.222, 0.462, 0.58]","[0.543, 0.611, 1.188]",560.8333333333334,0.9985141158989598,50,5,23,2
window,popTMA,C05-15,prediabetes,67,60,31,60.78472222222222,0.6836734693877551,0.5275590551181102,0.5955555555555555,0.9870901405232492,17.671641791044777,8.0,16,"[0.482, 0.764, 0.8]","[0.429, 0.536, 0.667]","[0.507, 0.619, 0.722]","[0.665, 0.876, 1.34]",635.5,0.9441384736428009,52,3,39,2
window,popTMA,native,all,220,110,87,173.02083333333334,0.7166123778501629,0.6666666666666666,0.6907378335949764,0.6357615894039734,-5.863636363636363,-10.0,45,"[0.6, 0.75, 0.875]","[0.5, 0.75, 0.857]","[0.571, 0.714, 0.833]","[0.238, 0.505, 1.019]",2180.666666666667,0.5044328951391012,148,11,97,8
window,popTMA,native,T2D,69,44,25,55.14583333333334,0.7340425531914894,0.6106194690265486,0.6666666666666666,0.7978843974310539,0.6521739130434783,-5.0,14,"[0.606, 0.714, 0.865]","[0.514, 0.625, 0.8]","[0.6, 0.67, 0.812]","[0.333, 0.786, 1.034]",681.9166666666667,0.645240131980936,46,3,28,3
window,popTMA,native,healthy,69,31,34,57.09027777777778,0.6699029126213593,0.69,0.6798029556650246,0.5429996350808904,-14.130434782608695,-15.0,15,"[0.5, 0.75, 0.857]","[0.633, 0.8, 0.857]","[0.573, 0.667, 0.817]","[0.228, 0.285, 0.548]",707.25,0.4383174266525274,50,5,31,3
window,popTMA,native,prediabetes,82,35,28,60.78472222222222,0.7454545454545455,0.7008547008547008,0.7224669603524229,0.5758025819718954,-4.390243902439025,-5.0,16,"[0.593, 0.775, 0.875]","[0.5, 0.764, 0.917]","[0.567, 0.774, 0.87]","[0.185, 0.394, 1.015]",791.5000000000001,0.4421983575489576,52,3,38,2
