adjacent_rule,route,anchor,group,n,returned_pct,trough_pct,trough_interrupted_pct,censored_pct,no_rise_pct
tp_lockout,A,det,overall,253,62.1,13.0,5.1,19.8,0.0
tp_lockout,A,det,healthy,84,73.8,14.3,4.8,7.1,0.0
tp_lockout,A,det,prediabetes,80,58.8,11.2,8.8,21.2,0.0
tp_lockout,A,det,T2D,89,53.9,13.5,2.2,30.3,0.0
tp_lockout,A,ref,overall,253,55.3,13.4,0.4,28.9,2.0
tp_lockout,A,ref,healthy,84,66.7,19.0,1.2,11.9,1.2
tp_lockout,A,ref,prediabetes,80,52.5,10.0,0.0,36.2,1.2
tp_lockout,A,ref,T2D,89,47.2,11.2,0.0,38.2,3.4
tp_lockout,B,det,overall,542,62.4,10.5,8.3,18.8,0.0
tp_lockout,B,det,healthy,194,72.7,10.3,7.7,9.3,0.0
tp_lockout,B,det,prediabetes,160,60.6,11.2,8.8,19.4,0.0
tp_lockout,B,det,T2D,188,53.2,10.1,8.5,28.2,0.0
tp_lockout,B,ref,overall,542,55.5,13.7,0.7,28.2,1.8
tp_lockout,B,ref,healthy,194,66.0,16.0,0.5,16.5,1.0
tp_lockout,B,ref,prediabetes,160,52.5,11.9,0.6,33.8,1.2
tp_lockout,B,ref,T2D,188,47.3,12.8,1.1,35.6,3.2
meal_window_max_peak,A,det,overall,221,62.9,13.6,3.6,19.9,0.0
meal_window_max_peak,A,det,healthy,74,75.7,10.8,4.1,9.5,0.0
meal_window_max_peak,A,det,prediabetes,69,59.4,17.4,4.3,18.8,0.0
meal_window_max_peak,A,det,T2D,78,53.8,12.8,2.6,30.8,0.0
meal_window_max_peak,A,ref,overall,221,55.7,13.1,0.5,29.9,0.9
meal_window_max_peak,A,ref,healthy,74,68.9,16.2,1.4,13.5,0.0
meal_window_max_peak,A,ref,prediabetes,69,52.2,11.6,0.0,36.2,0.0
meal_window_max_peak,A,ref,T2D,78,46.2,11.5,0.0,39.7,2.6
meal_window_max_peak,B,det,overall,441,61.0,13.6,6.3,19.0,0.0
meal_window_max_peak,B,det,healthy,157,70.1,12.7,6.4,10.8,0.0
meal_window_max_peak,B,det,prediabetes,137,61.3,13.9,6.6,18.2,0.0
meal_window_max_peak,B,det,T2D,147,51.0,14.3,6.1,28.6,0.0
meal_window_max_peak,B,ref,overall,441,54.9,13.6,0.7,29.7,1.1
meal_window_max_peak,B,ref,healthy,157,66.2,15.9,0.6,17.2,0.0
meal_window_max_peak,B,ref,prediabetes,137,51.1,11.7,0.0,36.5,0.7
meal_window_max_peak,B,ref,T2D,147,46.3,12.9,1.4,36.7,2.7
refractory,A,det,overall,232,62.1,13.4,5.2,19.4,0.0
refractory,A,det,healthy,74,75.7,13.5,4.1,6.8,0.0
refractory,A,det,prediabetes,74,59.5,12.2,9.5,18.9,0.0
refractory,A,det,T2D,84,52.4,14.3,2.4,31.0,0.0
refractory,A,ref,overall,232,55.6,12.9,0.4,28.9,2.2
refractory,A,ref,healthy,74,68.9,17.6,1.4,10.8,1.4
refractory,A,ref,prediabetes,74,51.4,10.8,0.0,36.5,1.4
refractory,A,ref,T2D,84,47.6,10.7,0.0,38.1,3.6
refractory,B,det,overall,486,61.3,13.8,6.6,18.3,0.0
refractory,B,det,healthy,166,72.3,12.7,7.2,7.8,0.0
refractory,B,det,prediabetes,150,61.3,13.3,6.0,19.3,0.0
refractory,B,det,T2D,170,50.6,15.3,6.5,27.6,0.0
refractory,B,ref,overall,486,54.5,14.0,0.8,29.0,1.6
refractory,B,ref,healthy,166,65.1,16.9,0.6,16.9,0.6
refractory,B,ref,prediabetes,150,52.7,12.0,0.7,33.3,1.3
refractory,B,ref,T2D,170,45.9,12.9,1.2,37.1,2.9
excursion_end,A,det,overall,241,62.2,15.4,3.7,18.7,0.0
excursion_end,A,det,healthy,82,74.4,15.9,2.4,7.3,0.0
excursion_end,A,det,prediabetes,74,59.5,16.2,6.8,17.6,0.0
excursion_end,A,det,T2D,85,52.9,14.1,2.4,30.6,0.0
excursion_end,A,ref,overall,241,55.2,13.7,0.8,28.6,1.7
excursion_end,A,ref,healthy,82,67.1,19.5,1.2,11.0,1.2
excursion_end,A,ref,prediabetes,74,51.4,9.5,1.4,36.5,1.4
excursion_end,A,ref,T2D,85,47.1,11.8,0.0,38.8,2.4
excursion_end,B,det,overall,511,62.4,12.9,6.3,18.4,0.0
excursion_end,B,det,healthy,176,72.7,13.1,5.7,8.5,0.0
excursion_end,B,det,prediabetes,157,61.1,12.1,7.6,19.1,0.0
excursion_end,B,det,T2D,178,53.4,13.5,5.6,27.5,0.0
excursion_end,B,ref,overall,511,55.4,14.1,0.8,28.2,1.6
excursion_end,B,ref,healthy,176,67.0,16.5,0.6,15.3,0.6
excursion_end,B,ref,prediabetes,157,52.2,12.1,0.6,33.8,1.3
excursion_end,B,ref,T2D,178,46.6,13.5,1.1,36.0,2.8
