adjacent_rule,route,anchor,group,end_type,n,median,q1,q3
tp_lockout,A,det,overall,returned,157,53.0,25.0,84.0
tp_lockout,A,det,overall,trough,33,55.0,35.0,75.0
tp_lockout,A,det,overall,trough_interrupted,13,55.0,45.0,60.0
tp_lockout,A,det,overall,censored,50,102.5,71.2,125.0
tp_lockout,A,det,overall,no_rise,0,,,
tp_lockout,A,det,healthy,returned,62,29.0,18.2,57.2
tp_lockout,A,det,healthy,trough,12,44.5,33.8,66.2
tp_lockout,A,det,healthy,trough_interrupted,4,47.0,35.5,73.8
tp_lockout,A,det,healthy,censored,6,100.0,75.0,128.8
tp_lockout,A,det,healthy,no_rise,0,,,
tp_lockout,A,det,prediabetes,returned,47,76.0,27.5,110.0
tp_lockout,A,det,prediabetes,trough,9,45.0,35.0,75.0
tp_lockout,A,det,prediabetes,trough_interrupted,7,60.0,55.0,72.5
tp_lockout,A,det,prediabetes,censored,17,115.0,90.0,130.0
tp_lockout,A,det,prediabetes,no_rise,0,,,
tp_lockout,A,det,T2D,returned,48,61.0,36.8,80.2
tp_lockout,A,det,T2D,trough,12,55.0,45.0,76.2
tp_lockout,A,det,T2D,trough_interrupted,2,50.0,47.5,52.5
tp_lockout,A,det,T2D,censored,27,100.0,67.5,115.0
tp_lockout,A,det,T2D,no_rise,0,,,
tp_lockout,A,ref,overall,returned,140,37.0,20.0,63.0
tp_lockout,A,ref,overall,trough,34,45.0,35.0,63.8
tp_lockout,A,ref,overall,trough_interrupted,1,95.0,95.0,95.0
tp_lockout,A,ref,overall,censored,73,82.0,53.0,98.0
tp_lockout,A,ref,overall,no_rise,5,168.0,126.0,179.0
tp_lockout,A,ref,healthy,returned,56,27.0,17.0,44.8
tp_lockout,A,ref,healthy,trough,16,45.0,30.0,65.2
tp_lockout,A,ref,healthy,trough_interrupted,1,95.0,95.0,95.0
tp_lockout,A,ref,healthy,censored,10,91.0,53.0,112.8
tp_lockout,A,ref,healthy,no_rise,1,179.0,179.0,179.0
tp_lockout,A,ref,prediabetes,returned,42,51.0,20.2,82.0
tp_lockout,A,ref,prediabetes,trough,8,45.0,33.8,63.8
tp_lockout,A,ref,prediabetes,trough_interrupted,0,,,
tp_lockout,A,ref,prediabetes,censored,29,90.0,55.0,101.0
tp_lockout,A,ref,prediabetes,no_rise,1,95.0,95.0,95.0
tp_lockout,A,ref,T2D,returned,42,45.0,28.2,66.2
tp_lockout,A,ref,T2D,trough,10,50.0,45.0,55.0
tp_lockout,A,ref,T2D,trough_interrupted,0,,,
tp_lockout,A,ref,T2D,censored,34,78.5,51.0,88.0
tp_lockout,A,ref,T2D,no_rise,3,168.0,147.0,173.5
tp_lockout,B,det,overall,returned,338,46.0,25.0,78.8
tp_lockout,B,det,overall,trough,57,45.0,35.0,70.0
tp_lockout,B,det,overall,trough_interrupted,45,55.0,40.0,75.0
tp_lockout,B,det,overall,censored,102,105.0,75.0,125.0
tp_lockout,B,det,overall,no_rise,0,,,
tp_lockout,B,det,healthy,returned,141,35.0,19.0,61.0
tp_lockout,B,det,healthy,trough,20,42.0,34.8,66.2
tp_lockout,B,det,healthy,trough_interrupted,15,50.0,37.0,77.5
tp_lockout,B,det,healthy,censored,18,125.0,80.0,137.5
tp_lockout,B,det,healthy,no_rise,0,,,
tp_lockout,B,det,prediabetes,returned,97,61.0,28.0,105.0
tp_lockout,B,det,prediabetes,trough,18,45.0,35.0,53.8
tp_lockout,B,det,prediabetes,trough_interrupted,14,60.0,43.8,81.2
tp_lockout,B,det,prediabetes,censored,31,115.0,80.0,130.0
tp_lockout,B,det,prediabetes,no_rise,0,,,
tp_lockout,B,det,T2D,returned,100,58.0,32.8,80.2
tp_lockout,B,det,T2D,trough,19,55.0,37.5,80.0
tp_lockout,B,det,T2D,trough_interrupted,16,45.0,43.8,60.0
tp_lockout,B,det,T2D,censored,53,100.0,70.0,110.0
tp_lockout,B,det,T2D,no_rise,0,,,
tp_lockout,B,ref,overall,returned,301,36.0,19.0,63.0
tp_lockout,B,ref,overall,trough,74,45.0,34.2,60.0
tp_lockout,B,ref,overall,trough_interrupted,4,57.5,36.2,80.0
tp_lockout,B,ref,overall,censored,153,82.0,52.0,100.0
tp_lockout,B,ref,overall,no_rise,10,162.5,125.2,179.0
tp_lockout,B,ref,healthy,returned,128,29.0,16.8,50.2
tp_lockout,B,ref,healthy,trough,31,40.0,32.0,62.5
tp_lockout,B,ref,healthy,trough_interrupted,1,95.0,95.0,95.0
tp_lockout,B,ref,healthy,censored,32,93.5,60.2,110.2
tp_lockout,B,ref,healthy,no_rise,2,168.0,162.5,173.5
tp_lockout,B,ref,prediabetes,returned,84,42.5,20.0,76.0
tp_lockout,B,ref,prediabetes,trough,19,45.0,32.5,62.5
tp_lockout,B,ref,prediabetes,trough_interrupted,1,40.0,40.0,40.0
tp_lockout,B,ref,prediabetes,censored,54,90.5,52.2,103.5
tp_lockout,B,ref,prediabetes,no_rise,2,137.0,116.0,158.0
tp_lockout,B,ref,T2D,returned,89,43.0,22.0,64.0
tp_lockout,B,ref,T2D,trough,24,45.0,35.0,55.0
tp_lockout,B,ref,T2D,trough_interrupted,2,50.0,37.5,62.5
tp_lockout,B,ref,T2D,censored,67,73.0,50.5,88.0
tp_lockout,B,ref,T2D,no_rise,6,147.0,125.2,176.2
meal_window_max_peak,A,det,overall,returned,139,54.0,25.0,84.0
meal_window_max_peak,A,det,overall,trough,30,50.0,35.0,68.8
meal_window_max_peak,A,det,overall,trough_interrupted,8,60.0,52.5,96.2
meal_window_max_peak,A,det,overall,censored,44,100.0,70.0,125.0
meal_window_max_peak,A,det,overall,no_rise,0,,,
meal_window_max_peak,A,det,healthy,returned,56,30.0,17.8,55.8
meal_window_max_peak,A,det,healthy,trough,8,42.5,33.8,66.2
meal_window_max_peak,A,det,healthy,trough_interrupted,3,65.0,45.0,97.5
meal_window_max_peak,A,det,healthy,censored,7,95.0,75.0,127.5
meal_window_max_peak,A,det,healthy,no_rise,0,,,
meal_window_max_peak,A,det,prediabetes,returned,41,77.0,41.0,110.0
meal_window_max_peak,A,det,prediabetes,trough,12,50.0,35.0,63.8
meal_window_max_peak,A,det,prediabetes,trough_interrupted,3,85.0,70.0,112.5
meal_window_max_peak,A,det,prediabetes,censored,13,115.0,90.0,130.0
meal_window_max_peak,A,det,prediabetes,no_rise,0,,,
meal_window_max_peak,A,det,T2D,returned,42,61.0,39.0,80.8
meal_window_max_peak,A,det,T2D,trough,10,55.0,45.0,70.0
meal_window_max_peak,A,det,T2D,trough_interrupted,2,50.0,47.5,52.5
meal_window_max_peak,A,det,T2D,censored,24,100.0,63.8,115.0
meal_window_max_peak,A,det,T2D,no_rise,0,,,
meal_window_max_peak,A,ref,overall,returned,123,37.0,19.0,63.5
meal_window_max_peak,A,ref,overall,trough,29,55.0,35.0,65.0
meal_window_max_peak,A,ref,overall,trough_interrupted,1,95.0,95.0,95.0
meal_window_max_peak,A,ref,overall,censored,66,81.5,52.2,97.8
meal_window_max_peak,A,ref,overall,no_rise,2,109.0,100.5,117.5
meal_window_max_peak,A,ref,healthy,returned,51,28.0,16.5,45.5
meal_window_max_peak,A,ref,healthy,trough,12,55.0,33.8,67.0
meal_window_max_peak,A,ref,healthy,trough_interrupted,1,95.0,95.0,95.0
meal_window_max_peak,A,ref,healthy,censored,10,91.0,45.8,112.8
meal_window_max_peak,A,ref,healthy,no_rise,0,,,
meal_window_max_peak,A,ref,prediabetes,returned,36,53.5,20.5,84.0
meal_window_max_peak,A,ref,prediabetes,trough,8,45.0,33.8,63.8
meal_window_max_peak,A,ref,prediabetes,trough_interrupted,0,,,
meal_window_max_peak,A,ref,prediabetes,censored,25,90.0,55.0,101.0
meal_window_max_peak,A,ref,prediabetes,no_rise,0,,,
meal_window_max_peak,A,ref,T2D,returned,36,46.5,31.0,67.8
meal_window_max_peak,A,ref,T2D,trough,9,55.0,45.0,55.0
meal_window_max_peak,A,ref,T2D,trough_interrupted,0,,,
meal_window_max_peak,A,ref,T2D,censored,31,79.0,47.5,88.0
meal_window_max_peak,A,ref,T2D,no_rise,2,109.0,100.5,117.5
meal_window_max_peak,B,det,overall,returned,269,51.0,27.0,79.0
meal_window_max_peak,B,det,overall,trough,60,45.0,35.0,75.0
meal_window_max_peak,B,det,overall,trough_interrupted,28,60.0,45.0,77.5
meal_window_max_peak,B,det,overall,censored,84,105.0,75.0,125.0
meal_window_max_peak,B,det,overall,no_rise,0,,,
meal_window_max_peak,B,det,healthy,returned,110,37.5,19.2,64.5
meal_window_max_peak,B,det,healthy,trough,20,42.0,30.0,66.2
meal_window_max_peak,B,det,healthy,trough_interrupted,10,55.0,41.2,68.8
meal_window_max_peak,B,det,healthy,censored,17,120.0,75.0,135.0
meal_window_max_peak,B,det,healthy,no_rise,0,,,
meal_window_max_peak,B,det,prediabetes,returned,84,62.5,31.8,97.2
meal_window_max_peak,B,det,prediabetes,trough,19,45.0,35.0,52.5
meal_window_max_peak,B,det,prediabetes,trough_interrupted,9,60.0,60.0,85.0
meal_window_max_peak,B,det,prediabetes,censored,25,115.0,90.0,135.0
meal_window_max_peak,B,det,prediabetes,no_rise,0,,,
meal_window_max_peak,B,det,T2D,returned,75,58.0,35.5,79.5
meal_window_max_peak,B,det,T2D,trough,21,55.0,40.0,80.0
meal_window_max_peak,B,det,T2D,trough_interrupted,9,45.0,45.0,75.0
meal_window_max_peak,B,det,T2D,censored,42,100.0,70.0,113.8
meal_window_max_peak,B,det,T2D,no_rise,0,,,
meal_window_max_peak,B,ref,overall,returned,242,39.0,20.0,63.0
meal_window_max_peak,B,ref,overall,trough,60,45.0,35.0,61.2
meal_window_max_peak,B,ref,overall,trough_interrupted,3,75.0,50.0,85.0
meal_window_max_peak,B,ref,overall,censored,131,86.0,54.5,100.0
meal_window_max_peak,B,ref,overall,no_rise,5,168.0,126.0,179.0
meal_window_max_peak,B,ref,healthy,returned,104,31.0,17.8,51.8
meal_window_max_peak,B,ref,healthy,trough,25,40.0,34.0,65.0
meal_window_max_peak,B,ref,healthy,trough_interrupted,1,95.0,95.0,95.0
meal_window_max_peak,B,ref,healthy,censored,27,94.0,67.5,108.5
meal_window_max_peak,B,ref,healthy,no_rise,0,,,
meal_window_max_peak,B,ref,prediabetes,returned,70,46.5,21.0,74.8
meal_window_max_peak,B,ref,prediabetes,trough,16,47.5,33.8,61.2
meal_window_max_peak,B,ref,prediabetes,trough_interrupted,0,,,
meal_window_max_peak,B,ref,prediabetes,censored,50,89.5,52.2,101.8
meal_window_max_peak,B,ref,prediabetes,no_rise,1,179.0,179.0,179.0
meal_window_max_peak,B,ref,T2D,returned,68,43.0,27.5,64.2
meal_window_max_peak,B,ref,T2D,trough,19,45.0,40.0,55.0
meal_window_max_peak,B,ref,T2D,trough_interrupted,2,50.0,37.5,62.5
meal_window_max_peak,B,ref,T2D,censored,54,74.5,58.5,89.5
meal_window_max_peak,B,ref,T2D,no_rise,4,147.0,125.8,170.8
refractory,A,det,overall,returned,144,54.0,26.0,84.0
refractory,A,det,overall,trough,31,55.0,35.0,72.5
refractory,A,det,overall,trough_interrupted,12,55.0,52.5,66.2
refractory,A,det,overall,censored,45,100.0,70.0,125.0
refractory,A,det,overall,no_rise,0,,,
refractory,A,det,healthy,returned,56,32.5,18.8,58.8
refractory,A,det,healthy,trough,10,42.5,35.0,65.0
refractory,A,det,healthy,trough_interrupted,3,55.0,40.0,92.5
refractory,A,det,healthy,censored,5,75.0,75.0,125.0
refractory,A,det,healthy,no_rise,0,,,
refractory,A,det,prediabetes,returned,44,76.5,37.8,110.0
refractory,A,det,prediabetes,trough,9,45.0,35.0,75.0
refractory,A,det,prediabetes,trough_interrupted,7,60.0,55.0,72.5
refractory,A,det,prediabetes,censored,14,120.0,90.0,133.8
refractory,A,det,prediabetes,no_rise,0,,,
refractory,A,det,T2D,returned,44,61.0,37.5,80.2
refractory,A,det,T2D,trough,12,55.0,45.0,76.2
refractory,A,det,T2D,trough_interrupted,2,50.0,47.5,52.5
refractory,A,det,T2D,censored,26,100.0,66.2,115.0
refractory,A,det,T2D,no_rise,0,,,
refractory,A,ref,overall,returned,129,37.0,19.0,63.0
refractory,A,ref,overall,trough,30,55.0,35.0,65.0
refractory,A,ref,overall,trough_interrupted,1,95.0,95.0,95.0
refractory,A,ref,overall,censored,67,82.0,51.0,99.0
refractory,A,ref,overall,no_rise,5,168.0,126.0,179.0
refractory,A,ref,healthy,returned,51,29.0,16.5,45.5
refractory,A,ref,healthy,trough,13,55.0,35.0,66.0
refractory,A,ref,healthy,trough_interrupted,1,95.0,95.0,95.0
refractory,A,ref,healthy,censored,8,91.0,42.8,108.0
refractory,A,ref,healthy,no_rise,1,179.0,179.0,179.0
refractory,A,ref,prediabetes,returned,38,53.5,19.5,82.0
refractory,A,ref,prediabetes,trough,8,45.0,33.8,63.8
refractory,A,ref,prediabetes,trough_interrupted,0,,,
refractory,A,ref,prediabetes,censored,27,91.0,60.5,101.5
refractory,A,ref,prediabetes,no_rise,1,95.0,95.0,95.0
refractory,A,ref,T2D,returned,40,45.0,28.0,67.8
refractory,A,ref,T2D,trough,9,55.0,45.0,55.0
refractory,A,ref,T2D,trough_interrupted,0,,,
refractory,A,ref,T2D,censored,32,78.5,47.8,88.0
refractory,A,ref,T2D,no_rise,3,168.0,147.0,173.5
refractory,B,det,overall,returned,298,49.5,25.0,79.0
refractory,B,det,overall,trough,67,45.0,35.0,72.5
refractory,B,det,overall,trough_interrupted,32,55.0,40.0,86.2
refractory,B,det,overall,censored,89,105.0,75.0,125.0
refractory,B,det,overall,no_rise,0,,,
refractory,B,det,healthy,returned,120,36.0,19.0,63.5
refractory,B,det,healthy,trough,21,44.0,34.0,65.0
refractory,B,det,healthy,trough_interrupted,12,52.5,38.8,80.0
refractory,B,det,healthy,censored,13,125.0,80.0,140.0
refractory,B,det,healthy,no_rise,0,,,
refractory,B,det,prediabetes,returned,92,60.0,27.0,97.2
refractory,B,det,prediabetes,trough,20,45.0,35.0,55.0
refractory,B,det,prediabetes,trough_interrupted,9,60.0,55.0,85.0
refractory,B,det,prediabetes,censored,29,115.0,90.0,130.0
refractory,B,det,prediabetes,no_rise,0,,,
refractory,B,det,T2D,returned,86,57.5,33.0,79.8
refractory,B,det,T2D,trough,26,55.0,40.0,80.0
refractory,B,det,T2D,trough_interrupted,11,50.0,42.5,82.5
refractory,B,det,T2D,censored,47,100.0,67.5,112.5
refractory,B,det,T2D,no_rise,0,,,
refractory,B,ref,overall,returned,265,37.0,19.0,63.0
refractory,B,ref,overall,trough,68,45.0,35.0,60.0
refractory,B,ref,overall,trough_interrupted,4,57.5,36.2,80.0
refractory,B,ref,overall,censored,141,82.0,51.0,100.0
refractory,B,ref,overall,no_rise,8,173.5,125.8,179.0
refractory,B,ref,healthy,returned,108,30.5,17.0,54.0
refractory,B,ref,healthy,trough,28,40.0,33.0,61.2
refractory,B,ref,healthy,trough_interrupted,1,95.0,95.0,95.0
refractory,B,ref,healthy,censored,28,95.0,69.8,110.2
refractory,B,ref,healthy,no_rise,1,179.0,179.0,179.0
refractory,B,ref,prediabetes,returned,79,41.0,20.0,76.0
refractory,B,ref,prediabetes,trough,18,47.5,35.0,63.8
refractory,B,ref,prediabetes,trough_interrupted,1,40.0,40.0,40.0
refractory,B,ref,prediabetes,censored,50,89.5,50.5,101.8
refractory,B,ref,prediabetes,no_rise,2,137.0,116.0,158.0
refractory,B,ref,T2D,returned,78,43.0,22.0,63.0
refractory,B,ref,T2D,trough,22,45.0,36.2,55.0
refractory,B,ref,T2D,trough_interrupted,2,50.0,37.5,62.5
refractory,B,ref,T2D,censored,63,73.0,48.0,88.0
refractory,B,ref,T2D,no_rise,5,168.0,126.0,179.0
excursion_end,A,det,overall,returned,150,52.5,25.0,84.0
excursion_end,A,det,overall,trough,37,45.0,35.0,65.0
excursion_end,A,det,overall,trough_interrupted,9,55.0,55.0,85.0
excursion_end,A,det,overall,censored,45,100.0,75.0,125.0
excursion_end,A,det,overall,no_rise,0,,,
excursion_end,A,det,healthy,returned,61,29.0,18.0,55.0
excursion_end,A,det,healthy,trough,13,44.0,30.0,65.0
excursion_end,A,det,healthy,trough_interrupted,2,92.5,73.8,111.2
excursion_end,A,det,healthy,censored,6,102.5,76.2,128.8
excursion_end,A,det,healthy,no_rise,0,,,
excursion_end,A,det,prediabetes,returned,44,77.0,37.8,111.2
excursion_end,A,det,prediabetes,trough,12,40.0,33.8,56.2
excursion_end,A,det,prediabetes,trough_interrupted,5,60.0,55.0,85.0
excursion_end,A,det,prediabetes,censored,13,115.0,90.0,135.0
excursion_end,A,det,prediabetes,no_rise,0,,,
excursion_end,A,det,T2D,returned,45,61.0,37.0,81.0
excursion_end,A,det,T2D,trough,12,55.0,45.0,76.2
excursion_end,A,det,T2D,trough_interrupted,2,50.0,47.5,52.5
excursion_end,A,det,T2D,censored,26,100.0,65.0,115.0
excursion_end,A,det,T2D,no_rise,0,,,
excursion_end,A,ref,overall,returned,133,37.0,20.0,63.0
excursion_end,A,ref,overall,trough,33,45.0,35.0,60.0
excursion_end,A,ref,overall,trough_interrupted,2,67.5,53.8,81.2
excursion_end,A,ref,overall,censored,69,86.0,53.0,100.0
excursion_end,A,ref,overall,no_rise,4,147.0,118.2,170.8
excursion_end,A,ref,healthy,returned,55,28.0,17.0,45.5
excursion_end,A,ref,healthy,trough,16,45.0,30.0,65.2
excursion_end,A,ref,healthy,trough_interrupted,1,95.0,95.0,95.0
excursion_end,A,ref,healthy,censored,9,92.0,45.0,117.0
excursion_end,A,ref,healthy,no_rise,1,179.0,179.0,179.0
excursion_end,A,ref,prediabetes,returned,38,53.5,21.0,84.0
excursion_end,A,ref,prediabetes,trough,7,35.0,32.5,57.5
excursion_end,A,ref,prediabetes,trough_interrupted,1,40.0,40.0,40.0
excursion_end,A,ref,prediabetes,censored,27,91.0,60.5,101.5
excursion_end,A,ref,prediabetes,no_rise,1,95.0,95.0,95.0
excursion_end,A,ref,T2D,returned,40,43.0,28.0,64.8
excursion_end,A,ref,T2D,trough,10,50.0,45.0,55.0
excursion_end,A,ref,T2D,trough_interrupted,0,,,
excursion_end,A,ref,T2D,censored,33,79.0,50.0,88.0
excursion_end,A,ref,T2D,no_rise,2,147.0,136.5,157.5
excursion_end,B,det,overall,returned,319,49.0,25.0,79.0
excursion_end,B,det,overall,trough,66,45.0,35.0,68.8
excursion_end,B,det,overall,trough_interrupted,32,55.0,40.0,77.5
excursion_end,B,det,overall,censored,94,105.0,75.0,125.0
excursion_end,B,det,overall,no_rise,0,,,
excursion_end,B,det,healthy,returned,128,37.0,19.8,61.5
excursion_end,B,det,healthy,trough,23,45.0,32.0,67.5
excursion_end,B,det,healthy,trough_interrupted,10,50.0,36.2,67.5
excursion_end,B,det,healthy,censored,15,125.0,77.5,137.5
excursion_end,B,det,healthy,no_rise,0,,,
excursion_end,B,det,prediabetes,returned,96,61.0,27.0,104.2
excursion_end,B,det,prediabetes,trough,19,45.0,35.0,52.5
excursion_end,B,det,prediabetes,trough_interrupted,12,60.0,51.2,87.5
excursion_end,B,det,prediabetes,censored,30,112.5,78.8,133.8
excursion_end,B,det,prediabetes,no_rise,0,,,
excursion_end,B,det,T2D,returned,95,58.0,32.5,79.5
excursion_end,B,det,T2D,trough,24,55.0,40.0,76.2
excursion_end,B,det,T2D,trough_interrupted,10,47.5,41.2,70.0
excursion_end,B,det,T2D,censored,49,100.0,65.0,115.0
excursion_end,B,det,T2D,no_rise,0,,,
excursion_end,B,ref,overall,returned,283,36.0,19.0,61.0
excursion_end,B,ref,overall,trough,72,45.0,33.0,60.0
excursion_end,B,ref,overall,trough_interrupted,4,57.5,36.2,80.0
excursion_end,B,ref,overall,censored,144,82.5,51.8,99.2
excursion_end,B,ref,overall,no_rise,8,173.5,125.8,179.0
excursion_end,B,ref,healthy,returned,118,29.0,17.0,49.8
excursion_end,B,ref,healthy,trough,29,40.0,30.0,65.0
excursion_end,B,ref,healthy,trough_interrupted,1,95.0,95.0,95.0
excursion_end,B,ref,healthy,censored,27,94.0,67.5,108.5
excursion_end,B,ref,healthy,no_rise,1,179.0,179.0,179.0
excursion_end,B,ref,prediabetes,returned,82,42.5,20.0,76.0
excursion_end,B,ref,prediabetes,trough,19,45.0,32.5,62.5
excursion_end,B,ref,prediabetes,trough_interrupted,1,40.0,40.0,40.0
excursion_end,B,ref,prediabetes,censored,53,90.0,52.0,102.0
excursion_end,B,ref,prediabetes,no_rise,2,137.0,116.0,158.0
excursion_end,B,ref,T2D,returned,83,43.0,22.0,63.0
excursion_end,B,ref,T2D,trough,24,45.0,35.0,55.0
excursion_end,B,ref,T2D,trough_interrupted,2,50.0,37.5,62.5
excursion_end,B,ref,T2D,censored,64,73.5,49.0,88.5
excursion_end,B,ref,T2D,no_rise,5,168.0,126.0,179.0
