subject,group,config,version,FP,near_logged_dinner_snack,0_60min_before_logged_BL,120_240min_after_logged_BL,other
CGMacros-001,healthy,rescore,persTMA,5,0,4,0,1
CGMacros-001,healthy,rescore,popTMA,3,0,3,0,0
CGMacros-001,healthy,bl,persTMA,6,0,4,0,2
CGMacros-001,healthy,bl,popTMA,3,0,3,0,0
CGMacros-002,healthy,rescore,persTMA,1,0,0,1,0
CGMacros-002,healthy,rescore,popTMA,4,0,3,1,0
CGMacros-002,healthy,bl,persTMA,1,0,0,1,0
CGMacros-002,healthy,bl,popTMA,3,0,2,1,0
CGMacros-003,T2D,rescore,persTMA,1,1,0,0,0
CGMacros-003,T2D,rescore,popTMA,4,1,3,0,0
CGMacros-003,T2D,bl,persTMA,2,1,1,0,0
CGMacros-003,T2D,bl,popTMA,4,1,3,0,0
CGMacros-004,healthy,rescore,persTMA,3,1,2,0,0
CGMacros-004,healthy,rescore,popTMA,3,1,2,0,0
CGMacros-004,healthy,bl,persTMA,2,0,2,0,0
CGMacros-004,healthy,bl,popTMA,4,1,3,0,0
CGMacros-005,T2D,rescore,persTMA,8,0,6,2,0
CGMacros-005,T2D,rescore,popTMA,1,0,0,0,1
CGMacros-005,T2D,bl,persTMA,0,0,0,0,0
CGMacros-005,T2D,bl,popTMA,1,0,0,0,1
CGMacros-006,healthy,rescore,persTMA,5,1,2,1,1
CGMacros-006,healthy,rescore,popTMA,2,0,1,1,0
CGMacros-006,healthy,bl,persTMA,2,0,0,1,1
CGMacros-006,healthy,bl,popTMA,2,0,1,1,0
CGMacros-007,prediabetes,rescore,persTMA,0,0,0,0,0
CGMacros-007,prediabetes,rescore,popTMA,1,0,1,0,0
CGMacros-007,prediabetes,bl,popTMA,1,0,1,0,0
CGMacros-008,prediabetes,rescore,persTMA,2,0,0,1,1
CGMacros-008,prediabetes,rescore,popTMA,4,0,3,0,1
CGMacros-008,prediabetes,bl,persTMA,1,0,0,0,1
CGMacros-008,prediabetes,bl,popTMA,4,0,3,0,1
CGMacros-009,prediabetes,rescore,persTMA,13,1,8,2,2
CGMacros-009,prediabetes,rescore,popTMA,3,1,0,0,2
CGMacros-009,prediabetes,bl,persTMA,11,1,6,2,2
CGMacros-009,prediabetes,bl,popTMA,2,1,0,0,1
CGMacros-010,prediabetes,rescore,persTMA,4,1,2,0,1
CGMacros-010,prediabetes,rescore,popTMA,8,2,4,0,2
CGMacros-010,prediabetes,bl,persTMA,3,1,1,0,1
CGMacros-010,prediabetes,bl,popTMA,4,1,2,0,1
CGMacros-011,prediabetes,rescore,persTMA,4,0,2,1,1
CGMacros-011,prediabetes,rescore,popTMA,5,0,4,0,1
CGMacros-011,prediabetes,bl,persTMA,5,0,4,0,1
CGMacros-011,prediabetes,bl,popTMA,6,0,5,0,1
CGMacros-012,T2D,rescore,persTMA,6,0,5,0,1
CGMacros-012,T2D,rescore,popTMA,4,0,3,0,1
CGMacros-012,T2D,bl,persTMA,2,0,1,0,1
CGMacros-012,T2D,bl,popTMA,2,0,1,0,1
CGMacros-013,prediabetes,rescore,persTMA,4,2,1,1,0
CGMacros-013,prediabetes,rescore,popTMA,7,4,1,0,2
CGMacros-013,prediabetes,bl,persTMA,3,1,1,1,0
CGMacros-013,prediabetes,bl,popTMA,7,3,1,1,2
CGMacros-014,T2D,rescore,persTMA,4,1,0,2,1
CGMacros-014,T2D,rescore,popTMA,4,0,3,0,1
CGMacros-014,T2D,bl,persTMA,4,1,0,2,1
CGMacros-014,T2D,bl,popTMA,5,1,3,0,1
CGMacros-015,healthy,rescore,persTMA,1,1,0,0,0
CGMacros-015,healthy,rescore,popTMA,6,1,4,1,0
CGMacros-015,healthy,bl,persTMA,4,2,1,1,0
CGMacros-015,healthy,bl,popTMA,6,1,3,2,0
CGMacros-016,prediabetes,rescore,persTMA,1,1,0,0,0
CGMacros-016,prediabetes,rescore,popTMA,7,0,5,1,1
CGMacros-016,prediabetes,bl,persTMA,5,1,4,0,0
CGMacros-016,prediabetes,bl,popTMA,7,0,5,1,1
CGMacros-017,healthy,rescore,persTMA,1,0,0,1,0
CGMacros-017,healthy,rescore,popTMA,5,0,5,0,0
CGMacros-017,healthy,bl,persTMA,1,0,0,1,0
CGMacros-017,healthy,bl,popTMA,4,0,4,0,0
CGMacros-018,healthy,rescore,persTMA,1,0,1,0,0
CGMacros-018,healthy,rescore,popTMA,9,0,8,1,0
CGMacros-018,healthy,bl,persTMA,2,0,2,0,0
CGMacros-018,healthy,bl,popTMA,9,0,8,1,0
CGMacros-019,healthy,rescore,persTMA,12,3,6,2,1
CGMacros-019,healthy,rescore,popTMA,6,1,4,1,0
CGMacros-019,healthy,bl,persTMA,6,2,3,1,0
CGMacros-019,healthy,bl,popTMA,6,1,4,1,0
CGMacros-020,prediabetes,rescore,persTMA,7,2,4,1,0
CGMacros-020,prediabetes,rescore,popTMA,3,1,1,1,0
CGMacros-020,prediabetes,bl,persTMA,3,1,1,1,0
CGMacros-020,prediabetes,bl,popTMA,3,1,0,1,1
CGMacros-021,healthy,rescore,persTMA,4,0,0,1,3
CGMacros-021,healthy,rescore,popTMA,4,0,2,1,1
CGMacros-021,healthy,bl,persTMA,4,0,0,1,3
CGMacros-021,healthy,bl,popTMA,3,0,1,1,1
CGMacros-022,prediabetes,rescore,persTMA,11,1,5,2,3
CGMacros-022,prediabetes,rescore,popTMA,8,0,5,2,1
CGMacros-022,prediabetes,bl,persTMA,1,0,0,0,1
CGMacros-022,prediabetes,bl,popTMA,8,2,5,0,1
CGMacros-023,prediabetes,rescore,persTMA,2,0,2,0,0
CGMacros-023,prediabetes,rescore,popTMA,6,1,5,0,0
CGMacros-023,prediabetes,bl,persTMA,6,1,5,0,0
CGMacros-023,prediabetes,bl,popTMA,6,1,5,0,0
CGMacros-026,prediabetes,rescore,persTMA,5,3,0,0,2
CGMacros-026,prediabetes,rescore,popTMA,12,0,5,4,3
CGMacros-026,prediabetes,bl,persTMA,5,3,0,0,2
CGMacros-026,prediabetes,bl,popTMA,10,0,4,4,2
CGMacros-027,healthy,rescore,persTMA,3,0,3,0,0
CGMacros-027,healthy,rescore,popTMA,2,0,2,0,0
CGMacros-027,healthy,bl,persTMA,2,0,2,0,0
CGMacros-027,healthy,bl,popTMA,2,0,2,0,0
CGMacros-028,T2D,rescore,persTMA,7,1,4,1,1
CGMacros-028,T2D,rescore,popTMA,8,1,5,1,1
CGMacros-028,T2D,bl,persTMA,8,1,4,1,2
CGMacros-028,T2D,bl,popTMA,7,1,5,1,0
CGMacros-029,prediabetes,rescore,persTMA,2,2,0,0,0
CGMacros-029,prediabetes,rescore,popTMA,2,2,0,0,0
CGMacros-029,prediabetes,bl,persTMA,3,3,0,0,0
CGMacros-029,prediabetes,bl,popTMA,2,2,0,0,0
CGMacros-030,T2D,rescore,persTMA,4,1,2,0,1
CGMacros-030,T2D,rescore,popTMA,5,1,2,1,1
CGMacros-030,T2D,bl,persTMA,3,1,0,1,1
CGMacros-030,T2D,bl,popTMA,5,1,2,1,1
CGMacros-031,healthy,rescore,persTMA,7,4,3,0,0
CGMacros-031,healthy,rescore,popTMA,2,2,0,0,0
CGMacros-031,healthy,bl,persTMA,3,2,1,0,0
CGMacros-031,healthy,bl,popTMA,2,2,0,0,0
CGMacros-032,healthy,rescore,persTMA,4,0,1,1,2
CGMacros-032,healthy,rescore,popTMA,7,0,2,2,3
CGMacros-032,healthy,bl,persTMA,4,0,1,1,2
CGMacros-032,healthy,bl,popTMA,8,0,3,2,3
CGMacros-033,healthy,rescore,persTMA,7,1,1,3,2
CGMacros-033,healthy,rescore,popTMA,10,0,3,6,1
CGMacros-033,healthy,bl,persTMA,8,1,3,3,1
CGMacros-033,healthy,bl,popTMA,13,0,4,7,2
CGMacros-034,healthy,rescore,persTMA,8,2,3,2,1
CGMacros-034,healthy,rescore,popTMA,4,1,1,1,1
CGMacros-034,healthy,bl,persTMA,2,0,0,1,1
CGMacros-034,healthy,bl,popTMA,3,1,1,1,0
CGMacros-035,T2D,rescore,persTMA,5,0,1,1,3
CGMacros-035,T2D,rescore,popTMA,6,0,1,2,3
CGMacros-035,T2D,bl,persTMA,22,0,5,10,7
CGMacros-035,T2D,bl,popTMA,6,0,1,2,3
CGMacros-036,T2D,rescore,persTMA,2,0,0,1,1
CGMacros-036,T2D,rescore,popTMA,6,2,4,0,0
CGMacros-036,T2D,bl,persTMA,0,0,0,0,0
CGMacros-036,T2D,bl,popTMA,6,2,4,0,0
CGMacros-038,T2D,rescore,persTMA,2,2,0,0,0
CGMacros-038,T2D,rescore,popTMA,8,5,2,0,1
CGMacros-038,T2D,bl,persTMA,4,4,0,0,0
CGMacros-038,T2D,bl,popTMA,8,5,2,0,1
CGMacros-039,T2D,rescore,persTMA,2,0,0,0,2
CGMacros-039,T2D,rescore,popTMA,4,3,1,0,0
CGMacros-039,T2D,bl,persTMA,2,1,0,0,1
CGMacros-039,T2D,bl,popTMA,5,3,2,0,0
CGMacros-041,prediabetes,rescore,persTMA,5,5,0,0,0
CGMacros-041,prediabetes,rescore,popTMA,8,3,4,1,0
CGMacros-041,prediabetes,bl,persTMA,6,0,3,3,0
CGMacros-041,prediabetes,bl,popTMA,5,4,1,0,0
CGMacros-042,T2D,rescore,persTMA,8,0,2,1,5
CGMacros-042,T2D,rescore,popTMA,8,0,2,1,5
CGMacros-042,T2D,bl,persTMA,2,0,0,1,1
CGMacros-042,T2D,bl,popTMA,9,0,2,2,5
CGMacros-043,prediabetes,rescore,persTMA,6,3,2,0,1
CGMacros-043,prediabetes,rescore,popTMA,5,1,2,1,1
CGMacros-043,prediabetes,bl,persTMA,7,2,2,1,2
CGMacros-043,prediabetes,bl,popTMA,5,1,2,0,2
CGMacros-044,prediabetes,rescore,persTMA,1,1,0,0,0
CGMacros-044,prediabetes,rescore,popTMA,6,3,2,1,0
CGMacros-044,prediabetes,bl,persTMA,4,3,1,0,0
CGMacros-044,prediabetes,bl,popTMA,5,4,1,0,0
CGMacros-045,prediabetes,rescore,persTMA,2,1,0,1,0
CGMacros-045,prediabetes,rescore,popTMA,7,1,4,2,0
CGMacros-045,prediabetes,bl,persTMA,4,1,1,2,0
CGMacros-045,prediabetes,bl,popTMA,7,1,4,2,0
CGMacros-046,T2D,rescore,persTMA,5,0,2,2,1
CGMacros-046,T2D,rescore,popTMA,7,3,2,2,0
CGMacros-046,T2D,bl,persTMA,7,0,3,3,1
CGMacros-046,T2D,bl,popTMA,6,2,2,2,0
CGMacros-047,T2D,rescore,persTMA,5,2,2,0,1
CGMacros-047,T2D,rescore,popTMA,8,5,1,1,1
CGMacros-047,T2D,bl,persTMA,3,1,1,0,1
CGMacros-047,T2D,bl,popTMA,8,5,1,1,1
CGMacros-048,healthy,rescore,persTMA,0,0,0,0,0
CGMacros-048,healthy,rescore,popTMA,9,1,6,2,0
CGMacros-048,healthy,bl,persTMA,2,1,0,0,1
CGMacros-048,healthy,bl,popTMA,8,1,5,2,0
CGMacros-049,T2D,rescore,persTMA,2,0,1,1,0
CGMacros-049,T2D,rescore,popTMA,3,0,1,1,1
CGMacros-049,T2D,bl,persTMA,3,0,0,3,0
CGMacros-049,T2D,bl,popTMA,3,0,1,1,1
