config,version,evaluation,TP_breakfast,n_breakfast_scored,TP_lunch,n_lunch_scored,sens_breakfast,sens_lunch
bl,persTMA,C05,73,134,72,148,0.5447761194029851,0.4864864864864865
bl,persTMA,C05-15,97,134,80,148,0.7238805970149254,0.5405405405405406
bl,persTMA,native,123,158,83,148,0.7784810126582279,0.5608108108108109
bl,popTMA,C05,39,135,71,148,0.28888888888888886,0.4797297297297297
bl,popTMA,C05-15,75,135,90,148,0.5555555555555556,0.6081081081081081
bl,popTMA,native,123,159,97,148,0.7735849056603774,0.6554054054054054
bl_silDS,persTMA,C05,75,134,79,148,0.5597014925373134,0.5337837837837838
bl_silDS,persTMA,C05-15,99,134,87,148,0.7388059701492538,0.5878378378378378
bl_silDS,persTMA,native,132,158,91,148,0.8354430379746836,0.6148648648648649
bl_silDS,popTMA,C05,39,135,74,148,0.28888888888888886,0.5
bl_silDS,popTMA,C05-15,75,135,95,148,0.5555555555555556,0.6418918918918919
bl_silDS,popTMA,native,123,159,101,148,0.7735849056603774,0.6824324324324325
rescore,persTMA,C05,79,135,77,148,0.5851851851851851,0.5202702702702703
rescore,persTMA,C05-15,99,135,91,148,0.7333333333333333,0.6148648648648649
rescore,persTMA,native,134,159,102,148,0.8427672955974843,0.6891891891891891
rescore,popTMA,C05,30,135,69,148,0.2222222222222222,0.46621621621621623
rescore,popTMA,C05-15,55,135,90,148,0.4074074074074074,0.6081081081081081
rescore,popTMA,native,124,159,99,148,0.779874213836478,0.668918918918919
