day_id,subject,group,date,route_a,route_b_fold
CGMacros-001_2020-05-03,CGMacros-001,healthy,2020-05-03,test,0
CGMacros-001_2020-05-04,CGMacros-001,healthy,2020-05-04,validation,0
CGMacros-001_2020-05-05,CGMacros-001,healthy,2020-05-05,validation,0
CGMacros-001_2020-05-06,CGMacros-001,healthy,2020-05-06,validation,0
CGMacros-001_2020-05-07,CGMacros-001,healthy,2020-05-07,validation,0
CGMacros-001_2020-05-08,CGMacros-001,healthy,2020-05-08,test,0
CGMacros-001_2020-05-09,CGMacros-001,healthy,2020-05-09,test,0
CGMacros-001_2020-05-10,CGMacros-001,healthy,2020-05-10,test,0
CGMacros-002_2019-11-17,CGMacros-002,healthy,2019-11-17,test,1
CGMacros-002_2019-11-18,CGMacros-002,healthy,2019-11-18,test,1
CGMacros-002_2019-11-19,CGMacros-002,healthy,2019-11-19,test,1
CGMacros-002_2019-11-20,CGMacros-002,healthy,2019-11-20,test,1
CGMacros-002_2019-11-21,CGMacros-002,healthy,2019-11-21,validation,1
CGMacros-002_2019-11-22,CGMacros-002,healthy,2019-11-22,validation,1
CGMacros-002_2019-11-23,CGMacros-002,healthy,2019-11-23,validation,1
CGMacros-002_2019-11-24,CGMacros-002,healthy,2019-11-24,validation,1
CGMacros-003_2020-03-13,CGMacros-003,T2D,2020-03-13,validation,2
CGMacros-003_2020-03-14,CGMacros-003,T2D,2020-03-14,test,2
CGMacros-003_2020-03-15,CGMacros-003,T2D,2020-03-15,test,2
CGMacros-003_2020-03-16,CGMacros-003,T2D,2020-03-16,test,2
CGMacros-003_2020-03-17,CGMacros-003,T2D,2020-03-17,validation,2
CGMacros-003_2020-03-18,CGMacros-003,T2D,2020-03-18,test,2
CGMacros-003_2020-03-19,CGMacros-003,T2D,2020-03-19,validation,2
CGMacros-003_2020-03-20,CGMacros-003,T2D,2020-03-20,validation,2
CGMacros-004_2023-09-13,CGMacros-004,healthy,2023-09-13,test,2
CGMacros-004_2023-09-14,CGMacros-004,healthy,2023-09-14,test,2
CGMacros-004_2023-09-15,CGMacros-004,healthy,2023-09-15,test,2
CGMacros-004_2023-09-16,CGMacros-004,healthy,2023-09-16,validation,2
CGMacros-004_2023-09-17,CGMacros-004,healthy,2023-09-17,validation,2
CGMacros-004_2023-09-18,CGMacros-004,healthy,2023-09-18,validation,2
CGMacros-004_2023-09-19,CGMacros-004,healthy,2023-09-19,validation,2
CGMacros-004_2023-09-20,CGMacros-004,healthy,2023-09-20,test,2
CGMacros-005_2020-08-19,CGMacros-005,T2D,2020-08-19,validation,0
CGMacros-005_2020-08-20,CGMacros-005,T2D,2020-08-20,validation,0
CGMacros-005_2020-08-21,CGMacros-005,T2D,2020-08-21,validation,0
CGMacros-005_2020-08-22,CGMacros-005,T2D,2020-08-22,test,0
CGMacros-005_2020-08-23,CGMacros-005,T2D,2020-08-23,test,0
CGMacros-005_2020-08-24,CGMacros-005,T2D,2020-08-24,test,0
CGMacros-005_2020-08-25,CGMacros-005,T2D,2020-08-25,validation,0
CGMacros-005_2020-08-26,CGMacros-005,T2D,2020-08-26,test,0
CGMacros-006_2023-04-09,CGMacros-006,healthy,2023-04-09,validation,3
CGMacros-006_2023-04-10,CGMacros-006,healthy,2023-04-10,test,3
CGMacros-006_2023-04-11,CGMacros-006,healthy,2023-04-11,test,3
CGMacros-006_2023-04-12,CGMacros-006,healthy,2023-04-12,validation,3
CGMacros-006_2023-04-13,CGMacros-006,healthy,2023-04-13,test,3
CGMacros-006_2023-04-14,CGMacros-006,healthy,2023-04-14,test,3
CGMacros-006_2023-04-15,CGMacros-006,healthy,2023-04-15,validation,3
CGMacros-006_2023-04-16,CGMacros-006,healthy,2023-04-16,validation,3
CGMacros-008_2023-02-01,CGMacros-008,prediabetes,2023-02-01,validation,1
CGMacros-008_2023-02-02,CGMacros-008,prediabetes,2023-02-02,test,1
CGMacros-008_2023-02-03,CGMacros-008,prediabetes,2023-02-03,test,1
CGMacros-008_2023-02-04,CGMacros-008,prediabetes,2023-02-04,test,1
CGMacros-008_2023-02-05,CGMacros-008,prediabetes,2023-02-05,validation,1
CGMacros-008_2023-02-06,CGMacros-008,prediabetes,2023-02-06,validation,1
CGMacros-008_2023-02-07,CGMacros-008,prediabetes,2023-02-07,test,1
CGMacros-008_2023-02-08,CGMacros-008,prediabetes,2023-02-08,validation,1
CGMacros-009_2020-09-17,CGMacros-009,prediabetes,2020-09-17,validation,1
CGMacros-009_2020-09-18,CGMacros-009,prediabetes,2020-09-18,test,1
CGMacros-009_2020-09-19,CGMacros-009,prediabetes,2020-09-19,test,1
CGMacros-009_2020-09-20,CGMacros-009,prediabetes,2020-09-20,test,1
CGMacros-009_2020-09-21,CGMacros-009,prediabetes,2020-09-21,test,1
CGMacros-009_2020-09-22,CGMacros-009,prediabetes,2020-09-22,validation,1
CGMacros-009_2020-09-23,CGMacros-009,prediabetes,2020-09-23,validation,1
CGMacros-009_2020-09-24,CGMacros-009,prediabetes,2020-09-24,validation,1
CGMacros-010_2020-06-23,CGMacros-010,prediabetes,2020-06-23,test,2
CGMacros-010_2020-06-24,CGMacros-010,prediabetes,2020-06-24,test,2
CGMacros-010_2020-06-25,CGMacros-010,prediabetes,2020-06-25,validation,2
CGMacros-010_2020-06-26,CGMacros-010,prediabetes,2020-06-26,test,2
CGMacros-010_2020-06-27,CGMacros-010,prediabetes,2020-06-27,validation,2
CGMacros-010_2020-06-28,CGMacros-010,prediabetes,2020-06-28,test,2
CGMacros-010_2020-06-29,CGMacros-010,prediabetes,2020-06-29,validation,2
CGMacros-010_2020-06-30,CGMacros-010,prediabetes,2020-06-30,validation,2
CGMacros-011_2020-10-05,CGMacros-011,prediabetes,2020-10-05,validation,4
CGMacros-011_2020-10-06,CGMacros-011,prediabetes,2020-10-06,test,4
CGMacros-011_2020-10-07,CGMacros-011,prediabetes,2020-10-07,validation,4
CGMacros-011_2020-10-08,CGMacros-011,prediabetes,2020-10-08,validation,4
CGMacros-011_2020-10-09,CGMacros-011,prediabetes,2020-10-09,test,4
CGMacros-011_2020-10-10,CGMacros-011,prediabetes,2020-10-10,test,4
CGMacros-011_2020-10-11,CGMacros-011,prediabetes,2020-10-11,test,4
CGMacros-011_2020-10-12,CGMacros-011,prediabetes,2020-10-12,validation,4
CGMacros-012_2023-02-28,CGMacros-012,T2D,2023-02-28,test,3
CGMacros-012_2023-03-01,CGMacros-012,T2D,2023-03-01,test,3
CGMacros-012_2023-03-02,CGMacros-012,T2D,2023-03-02,validation,3
CGMacros-012_2023-03-03,CGMacros-012,T2D,2023-03-03,test,3
CGMacros-012_2023-03-04,CGMacros-012,T2D,2023-03-04,validation,3
CGMacros-012_2023-03-05,CGMacros-012,T2D,2023-03-05,validation,3
CGMacros-012_2023-03-06,CGMacros-012,T2D,2023-03-06,test,3
CGMacros-012_2023-03-07,CGMacros-012,T2D,2023-03-07,validation,3
CGMacros-013_2024-01-27,CGMacros-013,prediabetes,2024-01-27,validation,3
CGMacros-013_2024-01-28,CGMacros-013,prediabetes,2024-01-28,test,3
CGMacros-013_2024-01-29,CGMacros-013,prediabetes,2024-01-29,validation,3
CGMacros-013_2024-01-30,CGMacros-013,prediabetes,2024-01-30,validation,3
CGMacros-013_2024-01-31,CGMacros-013,prediabetes,2024-01-31,test,3
CGMacros-013_2024-02-01,CGMacros-013,prediabetes,2024-02-01,test,3
CGMacros-013_2024-02-02,CGMacros-013,prediabetes,2024-02-02,test,3
CGMacros-013_2024-02-03,CGMacros-013,prediabetes,2024-02-03,validation,3
CGMacros-014_2023-05-11,CGMacros-014,T2D,2023-05-11,test,0
CGMacros-014_2023-05-12,CGMacros-014,T2D,2023-05-12,test,0
CGMacros-014_2023-05-13,CGMacros-014,T2D,2023-05-13,test,0
CGMacros-014_2023-05-14,CGMacros-014,T2D,2023-05-14,validation,0
CGMacros-014_2023-05-15,CGMacros-014,T2D,2023-05-15,validation,0
CGMacros-014_2023-05-16,CGMacros-014,T2D,2023-05-16,validation,0
CGMacros-014_2023-05-17,CGMacros-014,T2D,2023-05-17,validation,0
CGMacros-014_2023-05-18,CGMacros-014,T2D,2023-05-18,test,0
CGMacros-015_2024-01-27,CGMacros-015,healthy,2024-01-27,test,2
CGMacros-015_2024-01-28,CGMacros-015,healthy,2024-01-28,validation,2
CGMacros-015_2024-01-29,CGMacros-015,healthy,2024-01-29,test,2
CGMacros-015_2024-01-30,CGMacros-015,healthy,2024-01-30,test,2
CGMacros-015_2024-01-31,CGMacros-015,healthy,2024-01-31,validation,2
CGMacros-015_2024-02-01,CGMacros-015,healthy,2024-02-01,validation,2
CGMacros-015_2024-02-02,CGMacros-015,healthy,2024-02-02,validation,2
CGMacros-015_2024-02-03,CGMacros-015,healthy,2024-02-03,test,2
CGMacros-017_2023-10-12,CGMacros-017,healthy,2023-10-12,validation,3
CGMacros-017_2023-10-13,CGMacros-017,healthy,2023-10-13,validation,3
CGMacros-017_2023-10-14,CGMacros-017,healthy,2023-10-14,test,3
CGMacros-017_2023-10-15,CGMacros-017,healthy,2023-10-15,validation,3
CGMacros-017_2023-10-16,CGMacros-017,healthy,2023-10-16,test,3
CGMacros-017_2023-10-17,CGMacros-017,healthy,2023-10-17,test,3
CGMacros-017_2023-10-18,CGMacros-017,healthy,2023-10-18,test,3
CGMacros-017_2023-10-19,CGMacros-017,healthy,2023-10-19,validation,3
CGMacros-018_2024-02-09,CGMacros-018,healthy,2024-02-09,validation,0
CGMacros-018_2024-02-10,CGMacros-018,healthy,2024-02-10,validation,0
CGMacros-018_2024-02-11,CGMacros-018,healthy,2024-02-11,test,0
CGMacros-018_2024-02-12,CGMacros-018,healthy,2024-02-12,test,0
CGMacros-018_2024-02-13,CGMacros-018,healthy,2024-02-13,test,0
CGMacros-018_2024-02-14,CGMacros-018,healthy,2024-02-14,test,0
CGMacros-018_2024-02-15,CGMacros-018,healthy,2024-02-15,validation,0
CGMacros-019_2020-10-01,CGMacros-019,healthy,2020-10-01,validation,4
CGMacros-019_2020-10-02,CGMacros-019,healthy,2020-10-02,validation,4
CGMacros-019_2020-10-03,CGMacros-019,healthy,2020-10-03,validation,4
CGMacros-019_2020-10-04,CGMacros-019,healthy,2020-10-04,test,4
CGMacros-019_2020-10-05,CGMacros-019,healthy,2020-10-05,validation,4
CGMacros-019_2020-10-06,CGMacros-019,healthy,2020-10-06,test,4
CGMacros-019_2020-10-07,CGMacros-019,healthy,2020-10-07,test,4
CGMacros-019_2020-10-08,CGMacros-019,healthy,2020-10-08,test,4
CGMacros-020_2024-03-21,CGMacros-020,prediabetes,2024-03-21,validation,4
CGMacros-020_2024-03-22,CGMacros-020,prediabetes,2024-03-22,test,4
CGMacros-020_2024-03-23,CGMacros-020,prediabetes,2024-03-23,validation,4
CGMacros-020_2024-03-24,CGMacros-020,prediabetes,2024-03-24,validation,4
CGMacros-020_2024-03-25,CGMacros-020,prediabetes,2024-03-25,test,4
CGMacros-020_2024-03-26,CGMacros-020,prediabetes,2024-03-26,test,4
CGMacros-020_2024-03-27,CGMacros-020,prediabetes,2024-03-27,validation,4
CGMacros-020_2024-03-28,CGMacros-020,prediabetes,2024-03-28,test,4
CGMacros-021_2020-06-10,CGMacros-021,healthy,2020-06-10,test,0
CGMacros-021_2020-06-11,CGMacros-021,healthy,2020-06-11,validation,0
CGMacros-021_2020-06-12,CGMacros-021,healthy,2020-06-12,test,0
CGMacros-021_2020-06-13,CGMacros-021,healthy,2020-06-13,validation,0
CGMacros-021_2020-06-14,CGMacros-021,healthy,2020-06-14,test,0
CGMacros-021_2020-06-15,CGMacros-021,healthy,2020-06-15,test,0
CGMacros-021_2020-06-16,CGMacros-021,healthy,2020-06-16,validation,0
CGMacros-021_2020-06-17,CGMacros-021,healthy,2020-06-17,validation,0
CGMacros-022_2021-03-30,CGMacros-022,prediabetes,2021-03-30,test,3
CGMacros-022_2021-03-31,CGMacros-022,prediabetes,2021-03-31,validation,3
CGMacros-022_2021-04-01,CGMacros-022,prediabetes,2021-04-01,validation,3
CGMacros-022_2021-04-02,CGMacros-022,prediabetes,2021-04-02,test,3
CGMacros-022_2021-04-03,CGMacros-022,prediabetes,2021-04-03,test,3
CGMacros-022_2021-04-04,CGMacros-022,prediabetes,2021-04-04,validation,3
CGMacros-022_2021-04-05,CGMacros-022,prediabetes,2021-04-05,validation,3
CGMacros-022_2021-04-06,CGMacros-022,prediabetes,2021-04-06,test,3
CGMacros-023_2021-05-07,CGMacros-023,prediabetes,2021-05-07,test,0
CGMacros-023_2021-05-08,CGMacros-023,prediabetes,2021-05-08,validation,0
CGMacros-023_2021-05-09,CGMacros-023,prediabetes,2021-05-09,test,0
CGMacros-023_2021-05-10,CGMacros-023,prediabetes,2021-05-10,validation,0
CGMacros-023_2021-05-11,CGMacros-023,prediabetes,2021-05-11,validation,0
CGMacros-023_2021-05-12,CGMacros-023,prediabetes,2021-05-12,validation,0
CGMacros-023_2021-05-13,CGMacros-023,prediabetes,2021-05-13,test,0
CGMacros-023_2021-05-14,CGMacros-023,prediabetes,2021-05-14,test,0
CGMacros-027_2024-06-12,CGMacros-027,healthy,2024-06-12,validation,1
CGMacros-027_2024-06-13,CGMacros-027,healthy,2024-06-13,validation,1
CGMacros-027_2024-06-14,CGMacros-027,healthy,2024-06-14,test,1
CGMacros-027_2024-06-15,CGMacros-027,healthy,2024-06-15,validation,1
CGMacros-027_2024-06-16,CGMacros-027,healthy,2024-06-16,validation,1
CGMacros-027_2024-06-17,CGMacros-027,healthy,2024-06-17,test,1
CGMacros-027_2024-06-18,CGMacros-027,healthy,2024-06-18,test,1
CGMacros-027_2024-06-19,CGMacros-027,healthy,2024-06-19,test,1
CGMacros-028_2023-11-30,CGMacros-028,T2D,2023-11-30,test,0
CGMacros-028_2023-12-01,CGMacros-028,T2D,2023-12-01,validation,0
CGMacros-028_2023-12-02,CGMacros-028,T2D,2023-12-02,validation,0
CGMacros-028_2023-12-03,CGMacros-028,T2D,2023-12-03,validation,0
CGMacros-028_2023-12-04,CGMacros-028,T2D,2023-12-04,test,0
CGMacros-028_2023-12-05,CGMacros-028,T2D,2023-12-05,test,0
CGMacros-028_2023-12-06,CGMacros-028,T2D,2023-12-06,validation,0
CGMacros-028_2023-12-07,CGMacros-028,T2D,2023-12-07,test,0
CGMacros-029_2024-01-19,CGMacros-029,prediabetes,2024-01-19,test,2
CGMacros-029_2024-01-20,CGMacros-029,prediabetes,2024-01-20,test,2
CGMacros-029_2024-01-21,CGMacros-029,prediabetes,2024-01-21,validation,2
CGMacros-029_2024-01-22,CGMacros-029,prediabetes,2024-01-22,validation,2
CGMacros-029_2024-01-23,CGMacros-029,prediabetes,2024-01-23,test,2
CGMacros-029_2024-01-24,CGMacros-029,prediabetes,2024-01-24,validation,2
CGMacros-029_2024-01-25,CGMacros-029,prediabetes,2024-01-25,test,2
CGMacros-029_2024-01-26,CGMacros-029,prediabetes,2024-01-26,validation,2
CGMacros-030_2021-01-25,CGMacros-030,T2D,2021-01-25,test,3
CGMacros-030_2021-01-26,CGMacros-030,T2D,2021-01-26,test,3
CGMacros-030_2021-01-28,CGMacros-030,T2D,2021-01-28,test,3
CGMacros-030_2021-01-29,CGMacros-030,T2D,2021-01-29,validation,3
CGMacros-030_2021-01-30,CGMacros-030,T2D,2021-01-30,validation,3
CGMacros-030_2021-01-31,CGMacros-030,T2D,2021-01-31,test,3
CGMacros-030_2021-02-01,CGMacros-030,T2D,2021-02-01,validation,3
CGMacros-031_2022-07-01,CGMacros-031,healthy,2022-07-01,test,3
CGMacros-031_2022-07-02,CGMacros-031,healthy,2022-07-02,validation,3
CGMacros-031_2022-07-03,CGMacros-031,healthy,2022-07-03,test,3
CGMacros-031_2022-07-04,CGMacros-031,healthy,2022-07-04,validation,3
CGMacros-031_2022-07-05,CGMacros-031,healthy,2022-07-05,test,3
CGMacros-031_2022-07-06,CGMacros-031,healthy,2022-07-06,test,3
CGMacros-031_2022-07-07,CGMacros-031,healthy,2022-07-07,validation,3
CGMacros-031_2022-07-08,CGMacros-031,healthy,2022-07-08,validation,3
CGMacros-032_2022-01-03,CGMacros-032,healthy,2022-01-03,test,4
CGMacros-032_2022-01-04,CGMacros-032,healthy,2022-01-04,validation,4
CGMacros-032_2022-01-05,CGMacros-032,healthy,2022-01-05,test,4
CGMacros-032_2022-01-06,CGMacros-032,healthy,2022-01-06,validation,4
CGMacros-032_2022-01-07,CGMacros-032,healthy,2022-01-07,test,4
CGMacros-032_2022-01-08,CGMacros-032,healthy,2022-01-08,validation,4
CGMacros-032_2022-01-09,CGMacros-032,healthy,2022-01-09,test,4
CGMacros-032_2022-01-10,CGMacros-032,healthy,2022-01-10,validation,4
CGMacros-033_2022-04-18,CGMacros-033,healthy,2022-04-18,validation,4
CGMacros-033_2022-04-19,CGMacros-033,healthy,2022-04-19,test,4
CGMacros-033_2022-04-20,CGMacros-033,healthy,2022-04-20,test,4
CGMacros-033_2022-04-21,CGMacros-033,healthy,2022-04-21,validation,4
CGMacros-033_2022-04-22,CGMacros-033,healthy,2022-04-22,test,4
CGMacros-033_2022-04-23,CGMacros-033,healthy,2022-04-23,test,4
CGMacros-033_2022-04-24,CGMacros-033,healthy,2022-04-24,validation,4
CGMacros-033_2022-04-25,CGMacros-033,healthy,2022-04-25,validation,4
CGMacros-034_2022-03-04,CGMacros-034,healthy,2022-03-04,validation,2
CGMacros-034_2022-03-05,CGMacros-034,healthy,2022-03-05,test,2
CGMacros-034_2022-03-06,CGMacros-034,healthy,2022-03-06,validation,2
CGMacros-034_2022-03-07,CGMacros-034,healthy,2022-03-07,validation,2
CGMacros-034_2022-03-08,CGMacros-034,healthy,2022-03-08,test,2
CGMacros-034_2022-03-09,CGMacros-034,healthy,2022-03-09,test,2
CGMacros-034_2022-03-10,CGMacros-034,healthy,2022-03-10,validation,2
CGMacros-034_2022-03-11,CGMacros-034,healthy,2022-03-11,test,2
CGMacros-035_2024-12-14,CGMacros-035,T2D,2024-12-14,test,1
CGMacros-035_2024-12-15,CGMacros-035,T2D,2024-12-15,validation,1
CGMacros-035_2024-12-16,CGMacros-035,T2D,2024-12-16,test,1
CGMacros-035_2024-12-17,CGMacros-035,T2D,2024-12-17,test,1
CGMacros-035_2024-12-18,CGMacros-035,T2D,2024-12-18,validation,1
CGMacros-035_2024-12-19,CGMacros-035,T2D,2024-12-19,validation,1
CGMacros-035_2024-12-20,CGMacros-035,T2D,2024-12-20,test,1
CGMacros-035_2024-12-21,CGMacros-035,T2D,2024-12-21,validation,1
CGMacros-036_2022-03-31,CGMacros-036,T2D,2022-03-31,test,3
CGMacros-036_2022-04-01,CGMacros-036,T2D,2022-04-01,validation,3
CGMacros-036_2022-04-02,CGMacros-036,T2D,2022-04-02,test,3
CGMacros-036_2022-04-03,CGMacros-036,T2D,2022-04-03,test,3
CGMacros-036_2022-04-04,CGMacros-036,T2D,2022-04-04,validation,3
CGMacros-036_2022-04-05,CGMacros-036,T2D,2022-04-05,test,3
CGMacros-036_2022-04-06,CGMacros-036,T2D,2022-04-06,validation,3
CGMacros-036_2022-04-07,CGMacros-036,T2D,2022-04-07,validation,3
CGMacros-038_2022-01-27,CGMacros-038,T2D,2022-01-27,test,1
CGMacros-038_2022-01-28,CGMacros-038,T2D,2022-01-28,test,1
CGMacros-038_2022-01-29,CGMacros-038,T2D,2022-01-29,test,1
CGMacros-038_2022-01-30,CGMacros-038,T2D,2022-01-30,validation,1
CGMacros-038_2022-01-31,CGMacros-038,T2D,2022-01-31,validation,1
CGMacros-038_2022-02-01,CGMacros-038,T2D,2022-02-01,test,1
CGMacros-038_2022-02-02,CGMacros-038,T2D,2022-02-02,validation,1
CGMacros-038_2022-02-03,CGMacros-038,T2D,2022-02-03,validation,1
CGMacros-039_2025-02-09,CGMacros-039,T2D,2025-02-09,test,1
CGMacros-039_2025-02-10,CGMacros-039,T2D,2025-02-10,validation,1
CGMacros-039_2025-02-11,CGMacros-039,T2D,2025-02-11,validation,1
CGMacros-039_2025-02-12,CGMacros-039,T2D,2025-02-12,test,1
CGMacros-039_2025-02-13,CGMacros-039,T2D,2025-02-13,test,1
CGMacros-039_2025-02-14,CGMacros-039,T2D,2025-02-14,test,1
CGMacros-039_2025-02-15,CGMacros-039,T2D,2025-02-15,validation,1
CGMacros-039_2025-02-16,CGMacros-039,T2D,2025-02-16,validation,1
CGMacros-041_2022-04-28,CGMacros-041,prediabetes,2022-04-28,test,4
CGMacros-041_2022-04-29,CGMacros-041,prediabetes,2022-04-29,validation,4
CGMacros-041_2022-04-30,CGMacros-041,prediabetes,2022-04-30,validation,4
CGMacros-041_2022-05-01,CGMacros-041,prediabetes,2022-05-01,validation,4
CGMacros-041_2022-05-02,CGMacros-041,prediabetes,2022-05-02,test,4
CGMacros-041_2022-05-03,CGMacros-041,prediabetes,2022-05-03,test,4
CGMacros-041_2022-05-04,CGMacros-041,prediabetes,2022-05-04,test,4
CGMacros-041_2022-05-05,CGMacros-041,prediabetes,2022-05-05,validation,4
CGMacros-042_2025-07-27,CGMacros-042,T2D,2025-07-27,test,4
CGMacros-042_2025-07-29,CGMacros-042,T2D,2025-07-29,validation,4
CGMacros-042_2025-07-30,CGMacros-042,T2D,2025-07-30,test,4
CGMacros-042_2025-07-31,CGMacros-042,T2D,2025-07-31,test,4
CGMacros-042_2025-08-01,CGMacros-042,T2D,2025-08-01,validation,4
CGMacros-042_2025-08-02,CGMacros-042,T2D,2025-08-02,test,4
CGMacros-042_2025-08-03,CGMacros-042,T2D,2025-08-03,validation,4
CGMacros-043_2025-10-16,CGMacros-043,prediabetes,2025-10-16,test,1
CGMacros-043_2025-10-17,CGMacros-043,prediabetes,2025-10-17,validation,1
CGMacros-043_2025-10-18,CGMacros-043,prediabetes,2025-10-18,test,1
CGMacros-043_2025-10-19,CGMacros-043,prediabetes,2025-10-19,validation,1
CGMacros-043_2025-10-20,CGMacros-043,prediabetes,2025-10-20,test,1
CGMacros-043_2025-10-21,CGMacros-043,prediabetes,2025-10-21,validation,1
CGMacros-043_2025-10-22,CGMacros-043,prediabetes,2025-10-22,test,1
CGMacros-043_2025-10-23,CGMacros-043,prediabetes,2025-10-23,validation,1
CGMacros-044_2022-10-19,CGMacros-044,prediabetes,2022-10-19,validation,0
CGMacros-044_2022-10-20,CGMacros-044,prediabetes,2022-10-20,test,0
CGMacros-044_2022-10-21,CGMacros-044,prediabetes,2022-10-21,validation,0
CGMacros-044_2022-10-22,CGMacros-044,prediabetes,2022-10-22,test,0
CGMacros-044_2022-10-23,CGMacros-044,prediabetes,2022-10-23,test,0
CGMacros-044_2022-10-24,CGMacros-044,prediabetes,2022-10-24,validation,0
CGMacros-044_2022-10-25,CGMacros-044,prediabetes,2022-10-25,validation,0
CGMacros-044_2022-10-26,CGMacros-044,prediabetes,2022-10-26,test,0
CGMacros-045_2025-03-27,CGMacros-045,prediabetes,2025-03-27,validation,0
CGMacros-045_2025-03-28,CGMacros-045,prediabetes,2025-03-28,test,0
CGMacros-045_2025-03-29,CGMacros-045,prediabetes,2025-03-29,validation,0
CGMacros-045_2025-03-30,CGMacros-045,prediabetes,2025-03-30,validation,0
CGMacros-045_2025-03-31,CGMacros-045,prediabetes,2025-03-31,test,0
CGMacros-045_2025-04-01,CGMacros-045,prediabetes,2025-04-01,test,0
CGMacros-045_2025-04-02,CGMacros-045,prediabetes,2025-04-02,test,0
CGMacros-045_2025-04-03,CGMacros-045,prediabetes,2025-04-03,validation,0
CGMacros-046_2025-05-03,CGMacros-046,T2D,2025-05-03,validation,2
CGMacros-046_2025-05-04,CGMacros-046,T2D,2025-05-04,validation,2
CGMacros-046_2025-05-05,CGMacros-046,T2D,2025-05-05,test,2
CGMacros-046_2025-05-06,CGMacros-046,T2D,2025-05-06,validation,2
CGMacros-046_2025-05-07,CGMacros-046,T2D,2025-05-07,validation,2
CGMacros-046_2025-05-08,CGMacros-046,T2D,2025-05-08,test,2
CGMacros-046_2025-05-09,CGMacros-046,T2D,2025-05-09,test,2
CGMacros-046_2025-05-10,CGMacros-046,T2D,2025-05-10,test,2
CGMacros-047_2025-11-01,CGMacros-047,T2D,2025-11-01,validation,4
CGMacros-047_2025-11-02,CGMacros-047,T2D,2025-11-02,test,4
CGMacros-047_2025-11-03,CGMacros-047,T2D,2025-11-03,test,4
CGMacros-047_2025-11-04,CGMacros-047,T2D,2025-11-04,test,4
CGMacros-047_2025-11-05,CGMacros-047,T2D,2025-11-05,validation,4
CGMacros-047_2025-11-06,CGMacros-047,T2D,2025-11-06,validation,4
CGMacros-047_2025-11-07,CGMacros-047,T2D,2025-11-07,test,4
CGMacros-047_2025-11-08,CGMacros-047,T2D,2025-11-08,validation,4
CGMacros-048_2022-11-16,CGMacros-048,healthy,2022-11-16,validation,1
CGMacros-048_2022-11-17,CGMacros-048,healthy,2022-11-17,test,1
CGMacros-048_2022-11-18,CGMacros-048,healthy,2022-11-18,validation,1
CGMacros-048_2022-11-19,CGMacros-048,healthy,2022-11-19,test,1
CGMacros-048_2022-11-20,CGMacros-048,healthy,2022-11-20,test,1
CGMacros-048_2022-11-21,CGMacros-048,healthy,2022-11-21,validation,1
CGMacros-048_2022-11-22,CGMacros-048,healthy,2022-11-22,validation,1
CGMacros-048_2022-11-23,CGMacros-048,healthy,2022-11-23,test,1
CGMacros-049_2025-05-13,CGMacros-049,T2D,2025-05-13,test,2
CGMacros-049_2025-05-14,CGMacros-049,T2D,2025-05-14,test,2
CGMacros-049_2025-05-15,CGMacros-049,T2D,2025-05-15,validation,2
CGMacros-049_2025-05-16,CGMacros-049,T2D,2025-05-16,validation,2
CGMacros-049_2025-05-17,CGMacros-049,T2D,2025-05-17,test,2
CGMacros-049_2025-05-18,CGMacros-049,T2D,2025-05-18,validation,2
CGMacros-049_2025-05-19,CGMacros-049,T2D,2025-05-19,validation,2
CGMacros-049_2025-05-20,CGMacros-049,T2D,2025-05-20,test,2
