variant,template_group,evaluation,group,TP,FP,FN,days,sensitivity,precision,F1,FP_per_day,delay_mean_min,delay_median_min,n_subjects,sens_subject_median_iqr,prec_subject_median_iqr,F1_subject_median_iqr,FPday_subject_median_iqr
cross,T2D,C05,healthy,41,121,163,57.09027777777778,0.20098039215686275,0.25308641975308643,0.22404371584699453,2.1194501885415398,66.48780487804878,64.0,15,"[0.092, 0.167, 0.29]","[0.121, 0.25, 0.348]","[0.1, 0.211, 0.321]","[1.578, 1.823, 2.754]"
cross,T2D,C05,prediabetes,42,142,158,60.78472222222222,0.21,0.22826086956521738,0.21875,2.33611333257169,49.45238095238095,44.5,16,"[0.068, 0.153, 0.25]","[0.071, 0.153, 0.241]","[0.07, 0.143, 0.24]","[2.065, 2.367, 2.78]"
cross,T2D,C05-15,healthy,53,109,151,57.09027777777778,0.25980392156862747,0.3271604938271605,0.2896174863387978,1.9092567814134533,46.490566037735846,56.0,15,"[0.112, 0.294, 0.333]","[0.196, 0.333, 0.497]","[0.133, 0.333, 0.39]","[1.475, 1.708, 2.471]"
cross,T2D,C05-15,prediabetes,66,117,134,60.78472222222222,0.33,0.36065573770491804,0.34464751958224543,1.9248257740203358,27.015151515151516,22.5,16,"[0.186, 0.25, 0.372]","[0.223, 0.279, 0.405]","[0.214, 0.254, 0.386]","[1.462, 2.109, 2.335]"
cross,T2D,native,healthy,133,63,91,57.09027777777778,0.59375,0.6785714285714286,0.6333333333333333,1.1035153874224546,-32.443609022556394,-35.0,15,"[0.536, 0.588, 0.679]","[0.655, 0.769, 0.854]","[0.563, 0.667, 0.702]","[0.422, 0.705, 1.14]"
cross,T2D,native,prediabetes,169,64,52,60.78472222222222,0.7647058823529411,0.7253218884120172,0.7444933920704846,1.0528961498914657,-24.526627218934912,-25.0,16,"[0.667, 0.764, 0.839]","[0.667, 0.775, 0.924]","[0.661, 0.8, 0.837]","[0.265, 0.882, 1.271]"
cross,healthy,C05,T2D,35,78,123,55.14583333333334,0.22151898734177214,0.30973451327433627,0.25830258302583026,1.4144314318095956,29.085714285714285,23.0,14,"[0.157, 0.194, 0.348]","[0.17, 0.293, 0.383]","[0.175, 0.229, 0.329]","[1.039, 1.366, 1.908]"
cross,healthy,C05,prediabetes,71,120,129,60.78472222222222,0.355,0.3717277486910995,0.3631713554987212,1.9741802810464983,41.352112676056336,42.0,16,"[0.178, 0.243, 0.5]","[0.182, 0.3, 0.518]","[0.174, 0.268, 0.521]","[1.212, 2.231, 2.426]"
cross,healthy,C05-15,T2D,66,47,92,55.14583333333334,0.4177215189873418,0.584070796460177,0.4870848708487085,0.8522856063468076,11.287878787878787,1.0,14,"[0.298, 0.364, 0.567]","[0.518, 0.612, 0.667]","[0.365, 0.444, 0.526]","[0.515, 0.758, 1.032]"
cross,healthy,C05-15,prediabetes,110,77,90,60.78472222222222,0.55,0.5882352941176471,0.5684754521963824,1.2667656803381697,17.163636363636364,1.0,16,"[0.396, 0.555, 0.696]","[0.455, 0.621, 0.8]","[0.426, 0.606, 0.744]","[0.666, 1.285, 1.607]"
cross,healthy,native,T2D,92,36,74,55.14583333333334,0.5542168674698795,0.71875,0.6258503401360545,0.6528145069890441,-3.0434782608695654,-10.0,14,"[0.429, 0.497, 0.729]","[0.56, 0.845, 1.0]","[0.53, 0.6, 0.72]","[0.0, 0.262, 1.24]"
cross,healthy,native,prediabetes,168,74,53,60.78472222222222,0.7601809954751131,0.6942148760330579,0.7257019438444925,1.2174111733120074,-6.160714285714286,-10.0,16,"[0.692, 0.75, 0.803]","[0.659, 0.757, 0.844]","[0.676, 0.78, 0.803]","[0.513, 0.932, 1.33]"
cross,prediabetes,C05,T2D,51,69,107,55.14583333333334,0.3227848101265823,0.425,0.3669064748201439,1.2512278050623344,29.92156862745098,19.0,14,"[0.236, 0.303, 0.436]","[0.333, 0.4, 0.5]","[0.236, 0.325, 0.471]","[0.883, 1.083, 1.605]"
cross,prediabetes,C05,healthy,81,129,123,57.09027777777778,0.39705882352941174,0.38571428571428573,0.391304347826087,2.259579126626931,46.641975308641975,37.0,15,"[0.297, 0.385, 0.515]","[0.264, 0.4, 0.555]","[0.297, 0.375, 0.519]","[1.454, 1.867, 2.813]"
cross,prediabetes,C05-15,T2D,84,36,74,55.14583333333334,0.5316455696202531,0.7,0.60431654676259,0.6528145069890441,15.428571428571429,6.5,14,"[0.416, 0.551, 0.702]","[0.598, 0.775, 0.871]","[0.562, 0.616, 0.704]","[0.255, 0.497, 1.006]"
cross,prediabetes,C05-15,healthy,123,83,81,57.09027777777778,0.6029411764705882,0.5970873786407767,0.6,1.4538377326359324,20.96747967479675,4.0,15,"[0.481, 0.588, 0.76]","[0.561, 0.688, 0.714]","[0.549, 0.625, 0.717]","[0.887, 1.1, 1.458]"
cross,prediabetes,native,T2D,92,42,74,55.14583333333334,0.5542168674698795,0.6865671641791045,0.6133333333333333,0.7616169248205514,3.260869565217391,0.0,14,"[0.429, 0.58, 0.729]","[0.6, 0.708, 0.897]","[0.556, 0.616, 0.712]","[0.244, 0.786, 1.034]"
cross,prediabetes,native,healthy,165,106,59,57.09027777777778,0.7366071428571429,0.6088560885608856,0.6666666666666666,1.8567084296314316,-11.06060606060606,-10.0,15,"[0.669, 0.722, 0.817]","[0.606, 0.667, 0.77]","[0.639, 0.686, 0.746]","[0.85, 1.4, 1.891]"
grouped,T2D,C05,T2D,30,97,128,55.14583333333334,0.189873417721519,0.23622047244094488,0.21052631578947367,1.7589724216093687,41.9,33.5,14,"[0.079, 0.117, 0.325]","[0.115, 0.188, 0.3]","[0.095, 0.125, 0.312]","[1.566, 1.851, 2.051]"
grouped,T2D,C05-15,T2D,49,78,109,55.14583333333334,0.310126582278481,0.3858267716535433,0.34385964912280703,1.4144314318095956,19.6734693877551,10.0,14,"[0.236, 0.31, 0.391]","[0.262, 0.354, 0.486]","[0.247, 0.308, 0.4]","[1.11, 1.522, 1.92]"
grouped,T2D,native,T2D,105,43,61,55.14583333333334,0.6325301204819277,0.7094594594594594,0.6687898089171974,0.7797506611258027,-20.333333333333332,-25.0,14,"[0.571, 0.61, 0.686]","[0.597, 0.833, 0.897]","[0.636, 0.681, 0.753]","[0.258, 0.389, 1.226]"
grouped,healthy,C05,healthy,74,141,130,57.09027777777778,0.3627450980392157,0.34418604651162793,0.3532219570405728,2.469772533755018,51.5945945945946,56.5,15,"[0.294, 0.353, 0.423]","[0.247, 0.429, 0.5]","[0.298, 0.312, 0.442]","[1.401, 1.907, 3.083]"
grouped,healthy,C05-15,healthy,111,97,93,57.09027777777778,0.5441176470588235,0.5336538461538461,0.5388349514563107,1.6990633742853667,21.64864864864865,3.0,15,"[0.462, 0.538, 0.696]","[0.443, 0.643, 0.742]","[0.437, 0.581, 0.638]","[0.77, 1.347, 2.201]"
grouped,healthy,native,healthy,164,119,60,57.09027777777778,0.7321428571428571,0.5795053003533569,0.6469428007889546,2.0844179540201924,-12.408536585365853,-15.0,15,"[0.679, 0.75, 0.84]","[0.551, 0.6, 0.845]","[0.59, 0.686, 0.745]","[0.692, 1.76, 2.565]"
grouped,prediabetes,C05,prediabetes,86,111,114,60.78472222222222,0.43,0.4365482233502538,0.4332493702770781,1.826116759968011,35.72093023255814,21.5,16,"[0.262, 0.333, 0.595]","[0.288, 0.439, 0.628]","[0.272, 0.379, 0.585]","[1.158, 1.844, 2.397]"
grouped,prediabetes,C05-15,prediabetes,125,69,75,60.78472222222222,0.625,0.6443298969072165,0.6345177664974619,1.1351536616017366,18.6,7.0,16,"[0.525, 0.655, 0.754]","[0.575, 0.708, 0.822]","[0.544, 0.655, 0.808]","[0.532, 0.917, 1.386]"
grouped,prediabetes,native,prediabetes,166,79,55,60.78472222222222,0.751131221719457,0.6775510204081633,0.7124463519313304,1.299668685022278,-4.9397590361445785,-5.0,16,"[0.682, 0.764, 0.808]","[0.641, 0.733, 0.853]","[0.667, 0.754, 0.814]","[0.489, 1.035, 1.557]"
mixT_grpTH,all,C05,T2D,49,84,109,55.14583333333334,0.310126582278481,0.3684210526315789,0.33676975945017185,1.5232338496411029,30.408163265306122,23.0,14,"[0.241, 0.333, 0.406]","[0.276, 0.333, 0.396]","[0.248, 0.343, 0.395]","[1.305, 1.607, 2.008]"
mixT_grpTH,all,C05,healthy,70,140,134,57.09027777777778,0.3431372549019608,0.3333333333333333,0.33816425120772947,2.4522564164943437,57.214285714285715,63.0,15,"[0.243, 0.308, 0.417]","[0.191, 0.333, 0.455]","[0.212, 0.333, 0.385]","[1.689, 2.155, 2.948]"
mixT_grpTH,all,C05,prediabetes,61,130,139,60.78472222222222,0.305,0.3193717277486911,0.31202046035805625,2.13869530446704,40.868852459016395,40.0,16,"[0.148, 0.233, 0.42]","[0.148, 0.249, 0.377]","[0.146, 0.24, 0.4]","[1.275, 2.483, 2.627]"
mixT_grpTH,all,C05-15,T2D,75,56,83,55.14583333333334,0.47468354430379744,0.5725190839694656,0.5190311418685121,1.0154892330940686,13.773333333333333,2.0,14,"[0.362, 0.477, 0.567]","[0.435, 0.625, 0.667]","[0.378, 0.485, 0.623]","[0.661, 0.986, 1.245]"
mixT_grpTH,all,C05-15,healthy,89,117,115,57.09027777777778,0.4362745098039216,0.4320388349514563,0.43414634146341463,2.0493857194988445,36.47191011235955,25.0,15,"[0.308, 0.429, 0.55]","[0.326, 0.462, 0.542]","[0.339, 0.444, 0.549]","[1.405, 1.54, 2.543]"
mixT_grpTH,all,C05-15,prediabetes,105,84,95,60.78472222222222,0.525,0.5555555555555556,0.5398457583547558,1.381926196732549,18.419047619047618,0.0,16,"[0.328, 0.5, 0.696]","[0.418, 0.55, 0.703]","[0.367, 0.488, 0.723]","[0.613, 1.37, 1.874]"
mixT_grpTH,all,native,T2D,108,46,58,55.14583333333334,0.6506024096385542,0.7012987012987013,0.675,0.8341518700415563,-4.305555555555555,-10.0,14,"[0.56, 0.667, 0.782]","[0.604, 0.753, 0.894]","[0.633, 0.681, 0.769]","[0.247, 0.641, 1.245]"
mixT_grpTH,all,native,healthy,158,107,66,57.09027777777778,0.7053571428571429,0.5962264150943396,0.6462167689161554,1.8742245468921055,-17.468354430379748,-20.0,15,"[0.645, 0.714, 0.793]","[0.55, 0.667, 0.732]","[0.618, 0.667, 0.724]","[0.962, 1.621, 1.764]"
mixT_grpTH,all,native,prediabetes,168,65,53,60.78472222222222,0.7601809954751131,0.721030042918455,0.7400881057268722,1.06934765223352,-9.94047619047619,-15.0,16,"[0.717, 0.764, 0.808]","[0.682, 0.817, 0.884]","[0.703, 0.77, 0.817]","[0.423, 0.656, 1.386]"
mixed,all,C05,T2D,64,104,94,55.14583333333334,0.4050632911392405,0.38095238095238093,0.39263803680981596,1.8859085757461274,34.1875,24.0,14,"[0.314, 0.39, 0.5]","[0.259, 0.36, 0.426]","[0.301, 0.364, 0.43]","[1.598, 1.893, 2.36]"
mixed,all,C05,healthy,46,105,158,57.09027777777778,0.22549019607843138,0.304635761589404,0.2591549295774648,1.8391923123707579,52.97826086956522,63.0,15,"[0.121, 0.214, 0.314]","[0.179, 0.333, 0.442]","[0.146, 0.25, 0.382]","[1.268, 1.423, 2.209]"
mixed,all,C05,prediabetes,61,131,139,60.78472222222222,0.305,0.3177083333333333,0.3112244897959184,2.155146806809094,40.868852459016395,40.0,16,"[0.148, 0.233, 0.42]","[0.148, 0.258, 0.377]","[0.146, 0.24, 0.4]","[1.43, 2.363, 2.627]"
mixed,all,C05-15,T2D,91,73,67,55.14583333333334,0.5759493670886076,0.5548780487804879,0.5652173913043478,1.3237627502833393,16.24175824175824,3.0,14,"[0.5, 0.556, 0.665]","[0.438, 0.6, 0.661]","[0.482, 0.536, 0.643]","[0.836, 1.224, 1.702]"
mixed,all,C05-15,healthy,64,85,140,57.09027777777778,0.3137254901960784,0.42953020134228187,0.3626062322946176,1.48886996715728,32.734375,8.5,15,"[0.24, 0.308, 0.408]","[0.348, 0.5, 0.592]","[0.296, 0.4, 0.449]","[0.867, 1.081, 1.936]"
mixed,all,C05-15,prediabetes,105,85,95,60.78472222222222,0.525,0.5526315789473685,0.5384615384615384,1.398377699074603,18.419047619047618,0.0,16,"[0.328, 0.5, 0.696]","[0.426, 0.528, 0.703]","[0.37, 0.481, 0.723]","[0.691, 1.37, 1.809]"
mixed,all,native,T2D,124,84,42,55.14583333333334,0.7469879518072289,0.5961538461538461,0.6631016042780749,1.5232338496411029,-3.870967741935484,-7.5,14,"[0.667, 0.753, 0.854]","[0.512, 0.607, 0.759]","[0.6, 0.655, 0.779]","[0.765, 1.487, 1.999]"
mixed,all,native,healthy,120,56,104,57.09027777777778,0.5357142857142857,0.6818181818181818,0.6,0.9809025665977374,-18.291666666666668,-20.0,15,"[0.45, 0.538, 0.643]","[0.634, 0.8, 0.917]","[0.506, 0.615, 0.707]","[0.235, 0.545, 0.949]"
mixed,all,native,prediabetes,167,68,54,60.78472222222222,0.755656108597285,0.7106382978723405,0.7324561403508771,1.1187021592596824,-9.850299401197605,-15.0,16,"[0.682, 0.764, 0.808]","[0.682, 0.817, 0.862]","[0.694, 0.757, 0.817]","[0.489, 0.656, 1.39]"
