variant,template_group,evaluation,group,TP,FP,FN,days,sensitivity,precision,F1,FP_per_day,delay_mean_min,delay_median_min,n_subjects,sens_subject_median_iqr,prec_subject_median_iqr,F1_subject_median_iqr,FPday_subject_median_iqr,sensitivity_draw_range95,FP_per_day_draw_range95,delay_mean_min_draw_range95,precision_draw_range95,F1_draw_range95
cross,T2D,C05,healthy,54.0,136.0,150.0,57.09027777777778,0.2647058823529412,0.28421052631578947,0.27411167512690354,2.382191947451648,66.14814814814815,68.0,15.0,"[0.177, 0.25, 0.324]","[0.174, 0.278, 0.359]","[0.19, 0.24, 0.328]","[1.884, 2.116, 2.732]",,,,,
cross,T2D,C05,prediabetes,51.0,146.0,149.0,60.78472222222222,0.255,0.25888324873096447,0.25692695214105793,2.4019193419399065,45.470588235294116,39.0,16.0,"[0.115, 0.182, 0.25]","[0.102, 0.2, 0.231]","[0.109, 0.192, 0.24]","[2.017, 2.585, 2.718]",,,,,
cross,T2D,C05-15,healthy,78.0,111.0,126.0,57.09027777777778,0.38235294117647056,0.4126984126984127,0.3969465648854962,1.9442890159348012,41.82051282051282,48.5,15.0,"[0.272, 0.412, 0.481]","[0.313, 0.4, 0.561]","[0.297, 0.385, 0.503]","[1.381, 1.646, 2.344]",,,,,
cross,T2D,C05-15,prediabetes,93.0,103.0,107.0,60.78472222222222,0.465,0.4744897959183674,0.4696969696969697,1.6945047412315777,20.258064516129032,1.0,16.0,"[0.262, 0.397, 0.676]","[0.321, 0.483, 0.628]","[0.291, 0.441, 0.656]","[0.749, 1.894, 2.231]",,,,,
cross,T2D,native,healthy,153.0,85.0,71.0,57.09027777777778,0.6830357142857143,0.6428571428571429,0.6623376623376623,1.48886996715728,-29.50980392156863,-30.0,15.0,"[0.6, 0.688, 0.84]","[0.608, 0.667, 0.785]","[0.608, 0.667, 0.728]","[0.813, 1.1, 1.671]",,,,,
cross,T2D,native,prediabetes,166.0,83.0,55.0,60.78472222222222,0.751131221719457,0.6666666666666666,0.7063829787234043,1.3654746943904947,-18.674698795180724,-20.0,16.0,"[0.682, 0.789, 0.857]","[0.618, 0.775, 0.853]","[0.659, 0.787, 0.829]","[0.5, 0.921, 1.546]",,,,,
cross,healthy,C05,T2D,50.0,76.0,108.0,55.14583333333334,0.31645569620253167,0.3968253968253968,0.352112676056338,1.378163959199093,30.58,24.0,14.0,"[0.236, 0.303, 0.403]","[0.286, 0.354, 0.44]","[0.218, 0.325, 0.453]","[1.282, 1.352, 1.62]",,,,,
cross,healthy,C05,prediabetes,76.0,117.0,124.0,60.78472222222222,0.38,0.39378238341968913,0.38676844783715014,1.9248257740203358,36.8421052631579,33.0,16.0,"[0.195, 0.343, 0.529]","[0.223, 0.367, 0.539]","[0.214, 0.354, 0.563]","[1.227, 1.993, 2.426]",,,,,
cross,healthy,C05-15,T2D,76.0,49.0,82.0,55.14583333333334,0.4810126582278481,0.608,0.5371024734982333,0.8885530789573101,15.105263157894736,7.0,14.0,"[0.377, 0.485, 0.567]","[0.472, 0.667, 0.744]","[0.447, 0.528, 0.638]","[0.528, 0.794, 1.088]",,,,,
cross,healthy,C05-15,prediabetes,109.0,79.0,91.0,60.78472222222222,0.545,0.5797872340425532,0.5618556701030928,1.299668685022278,18.28440366972477,5.0,16.0,"[0.385, 0.571, 0.696]","[0.479, 0.578, 0.805]","[0.426, 0.571, 0.744]","[0.666, 1.37, 1.689]",,,,,
cross,healthy,native,T2D,101.0,41.0,65.0,55.14583333333334,0.608433734939759,0.7112676056338029,0.6558441558441559,0.7434831885153003,-0.1485148514851485,-5.0,14.0,"[0.511, 0.571, 0.736]","[0.617, 0.775, 0.894]","[0.608, 0.652, 0.769]","[0.255, 0.529, 1.023]",,,,,
cross,healthy,native,prediabetes,167.0,71.0,54.0,60.78472222222222,0.755656108597285,0.7016806722689075,0.7276688453159041,1.168056666285845,-7.754491017964072,-10.0,16.0,"[0.667, 0.756, 0.808]","[0.675, 0.724, 0.885]","[0.676, 0.768, 0.814]","[0.423, 1.035, 1.39]",,,,,
cross,prediabetes,C05,T2D,63.0,70.0,95.0,55.14583333333334,0.3987341772151899,0.47368421052631576,0.4329896907216495,1.2693615413675858,30.571428571428573,21.0,14.0,"[0.256, 0.396, 0.534]","[0.333, 0.402, 0.608]","[0.28, 0.367, 0.542]","[1.023, 1.082, 1.554]",,,,,
cross,prediabetes,C05,healthy,68.0,115.0,136.0,57.09027777777778,0.3333333333333333,0.37158469945355194,0.35142118863049093,2.0143534849774967,47.955882352941174,41.0,15.0,"[0.233, 0.308, 0.423]","[0.195, 0.429, 0.577]","[0.269, 0.32, 0.5]","[1.268, 1.4, 2.605]",,,,,
cross,prediabetes,C05-15,T2D,93.0,39.0,65.0,55.14583333333334,0.5886075949367089,0.7045454545454546,0.6413793103448275,0.7072157159047978,17.989247311827956,11.0,14.0,"[0.511, 0.577, 0.686]","[0.595, 0.785, 0.972]","[0.539, 0.684, 0.737]","[0.066, 0.497, 0.813]",,,,,
cross,prediabetes,C05-15,healthy,112.0,66.0,92.0,57.09027777777778,0.5490196078431373,0.6292134831460674,0.5863874345549738,1.1560637392044764,20.660714285714285,3.5,15.0,"[0.466, 0.556, 0.675]","[0.606, 0.727, 0.774]","[0.535, 0.606, 0.669]","[0.565, 0.817, 1.214]",,,,,
cross,prediabetes,native,T2D,93.0,56.0,73.0,55.14583333333334,0.5602409638554217,0.6241610738255033,0.5904761904761905,1.0154892330940686,2.150537634408602,0.0,14.0,"[0.433, 0.599, 0.692]","[0.511, 0.683, 0.776]","[0.495, 0.636, 0.712]","[0.513, 0.823, 1.237]",,,,,
cross,prediabetes,native,healthy,148.0,76.0,76.0,57.09027777777778,0.6607142857142857,0.6607142857142857,0.6607142857142857,1.3312249118112152,-10.405405405405405,-10.0,15.0,"[0.606, 0.65, 0.801]","[0.629, 0.7, 0.829]","[0.585, 0.696, 0.742]","[0.605, 0.88, 1.529]",,,,,
grouped,T2D,C05,T2D,46.0,85.0,112.0,55.14583333333334,0.2911392405063291,0.3511450381679389,0.31833910034602075,1.541367585946354,33.69565217391305,24.5,14.0,"[0.157, 0.333, 0.403]","[0.276, 0.304, 0.444]","[0.217, 0.325, 0.381]","[1.317, 1.67, 1.92]",,,,,
grouped,T2D,C05-15,T2D,63.0,68.0,95.0,55.14583333333334,0.3987341772151899,0.48091603053435117,0.4359861591695502,1.2330940687570833,22.58730158730159,10.0,14.0,"[0.288, 0.415, 0.5]","[0.344, 0.408, 0.614]","[0.338, 0.4, 0.509]","[1.08, 1.341, 1.62]",,,,,
grouped,T2D,native,T2D,102.0,52.0,64.0,55.14583333333334,0.6144578313253012,0.6623376623376623,0.6375,0.9429542878730637,-12.352941176470589,-15.0,14.0,"[0.511, 0.619, 0.764]","[0.552, 0.748, 0.869]","[0.579, 0.638, 0.795]","[0.33, 0.761, 1.49]",,,,,
grouped,healthy,C05,healthy,67.0,139.0,137.0,57.09027777777778,0.3284313725490196,0.32524271844660196,0.32682926829268294,2.43474029923367,59.62686567164179,66.0,15.0,"[0.231, 0.294, 0.401]","[0.211, 0.267, 0.417]","[0.2, 0.32, 0.365]","[1.677, 2.155, 2.824]",,,,,
grouped,healthy,C05-15,healthy,93.0,108.0,111.0,57.09027777777778,0.45588235294117646,0.4626865671641791,0.45925925925925926,1.8917406641527794,31.268817204301076,10.0,15.0,"[0.36, 0.5, 0.563]","[0.414, 0.5, 0.604]","[0.354, 0.483, 0.566]","[1.349, 1.634, 2.143]",,,,,
grouped,healthy,native,healthy,157.0,101.0,67.0,57.09027777777778,0.7008928571428571,0.6085271317829457,0.6514522821576764,1.7691278433280622,-18.598726114649683,-20.0,15.0,"[0.629, 0.688, 0.793]","[0.567, 0.684, 0.767]","[0.631, 0.69, 0.715]","[0.776, 1.351, 1.874]",,,,,
grouped,prediabetes,C05,prediabetes,92.0,99.0,108.0,60.78472222222222,0.46,0.4816753926701571,0.47058823529411764,1.6286987318633612,36.04347826086956,18.5,16.0,"[0.238, 0.439, 0.659]","[0.245, 0.5, 0.75]","[0.241, 0.468, 0.712]","[0.691, 1.521, 2.454]",,,,,
grouped,prediabetes,C05-15,prediabetes,123.0,66.0,77.0,60.78472222222222,0.615,0.6507936507936508,0.6323907455012854,1.085799154575574,22.51219512195122,11.0,16.0,"[0.462, 0.62, 0.782]","[0.565, 0.748, 0.884]","[0.516, 0.641, 0.835]","[0.266, 0.76, 1.417]",,,,,
grouped,prediabetes,native,prediabetes,156.0,82.0,65.0,60.78472222222222,0.7058823529411765,0.6554621848739496,0.6797385620915033,1.3490231920484406,-7.756410256410256,-5.0,16.0,"[0.667, 0.756, 0.833]","[0.618, 0.786, 0.837]","[0.623, 0.757, 0.812]","[0.514, 0.791, 1.666]",,,,,
mixT_grpTH,all,C05,T2D,58.0,78.0,100.0,55.14583333333334,0.3670886075949367,0.4264705882352941,0.3945578231292517,1.4144314318095956,33.827586206896555,24.0,14.0,"[0.241, 0.39, 0.486]","[0.254, 0.388, 0.528]","[0.259, 0.374, 0.475]","[1.282, 1.542, 1.639]",,,,,
mixT_grpTH,all,C05,healthy,61.0,122.0,143.0,57.09027777777778,0.29901960784313725,0.3333333333333333,0.3152454780361757,2.136966305802214,56.950819672131146,63.0,15.0,"[0.194, 0.294, 0.389]","[0.229, 0.3, 0.458]","[0.221, 0.308, 0.379]","[1.471, 1.891, 2.561]",,,,,
mixT_grpTH,all,C05,prediabetes,78.0,123.0,122.0,60.78472222222222,0.39,0.3880597014925373,0.38902743142144636,2.0235347880726606,36.06410256410256,24.0,16.0,"[0.178, 0.373, 0.643]","[0.175, 0.4, 0.571]","[0.176, 0.385, 0.602]","[1.367, 2.018, 2.631]",,,,,
mixT_grpTH,all,C05-15,T2D,85.0,49.0,73.0,55.14583333333334,0.5379746835443038,0.6343283582089553,0.5821917808219178,0.8885530789573101,17.50588235294118,8.0,14.0,"[0.446, 0.556, 0.587]","[0.514, 0.69, 0.75]","[0.489, 0.551, 0.685]","[0.528, 0.79, 1.088]",,,,,
mixT_grpTH,all,C05-15,healthy,88.0,94.0,116.0,57.09027777777778,0.43137254901960786,0.4835164835164835,0.45595854922279794,1.6465150225033451,31.556818181818183,11.0,15.0,"[0.349, 0.429, 0.515]","[0.406, 0.571, 0.62]","[0.377, 0.48, 0.56]","[1.006, 1.347, 1.837]",,,,,
mixT_grpTH,all,C05-15,prediabetes,112.0,86.0,88.0,60.78472222222222,0.56,0.5656565656565656,0.5628140703517588,1.4148292014166572,18.482142857142858,4.5,16.0,"[0.365, 0.638, 0.75]","[0.464, 0.573, 0.808]","[0.408, 0.602, 0.77]","[0.666, 1.242, 2.025]",,,,,
mixT_grpTH,all,native,T2D,101.0,53.0,65.0,55.14583333333334,0.608433734939759,0.6558441558441559,0.63125,0.961088024178315,-1.9306930693069306,-10.0,14.0,"[0.511, 0.625, 0.736]","[0.574, 0.685, 0.869]","[0.571, 0.649, 0.769]","[0.323, 0.92, 1.488]",,,,,
mixT_grpTH,all,native,healthy,155.0,77.0,69.0,57.09027777777778,0.6919642857142857,0.6681034482758621,0.6798245614035088,1.348741029071889,-18.838709677419356,-20.0,15.0,"[0.613, 0.688, 0.84]","[0.6, 0.769, 0.838]","[0.61, 0.727, 0.745]","[0.575, 0.811, 1.412]",,,,,
mixT_grpTH,all,native,prediabetes,170.0,84.0,51.0,60.78472222222222,0.7692307692307693,0.6692913385826772,0.7157894736842105,1.381926196732549,-11.941176470588236,-10.0,16.0,"[0.708, 0.8, 0.917]","[0.632, 0.76, 0.829]","[0.662, 0.774, 0.841]","[0.661, 0.92, 1.805]",,,,,
mixed,all,C05,T2D,76.0,98.0,82.0,55.14583333333334,0.4810126582278481,0.4367816091954023,0.4578313253012048,1.7771061579146201,33.06578947368421,20.0,14.0,"[0.424, 0.523, 0.58]","[0.341, 0.401, 0.5]","[0.386, 0.435, 0.534]","[1.539, 1.833, 2.033]",,,,,
mixed,all,C05,healthy,49.0,101.0,155.0,57.09027777777778,0.24019607843137256,0.32666666666666666,0.2768361581920904,1.7691278433280622,53.61224489795919,63.0,15.0,"[0.112, 0.286, 0.321]","[0.235, 0.286, 0.5]","[0.146, 0.296, 0.396]","[1.153, 1.616, 2.087]",,,,,
mixed,all,C05,prediabetes,74.0,115.0,126.0,60.78472222222222,0.37,0.3915343915343915,0.38046272493573263,1.8919227693362275,36.58108108108108,29.0,16.0,"[0.186, 0.333, 0.574]","[0.223, 0.4, 0.546]","[0.208, 0.367, 0.574]","[1.173, 1.919, 2.36]",,,,,
mixed,all,C05-15,T2D,103.0,68.0,55.0,55.14583333333334,0.6518987341772152,0.6023391812865497,0.6261398176291794,1.2330940687570833,17.825242718446603,8.0,14.0,"[0.582, 0.657, 0.719]","[0.559, 0.621, 0.719]","[0.545, 0.626, 0.714]","[0.821, 1.073, 1.414]",,,,,
mixed,all,C05-15,healthy,74.0,73.0,130.0,57.09027777777778,0.3627450980392157,0.5034013605442177,0.42165242165242167,1.2786765600291936,26.27027027027027,8.5,15.0,"[0.301, 0.357, 0.445]","[0.426, 0.625, 0.69]","[0.362, 0.455, 0.52]","[0.615, 0.834, 1.725]",,,,,
mixed,all,C05-15,prediabetes,106.0,80.0,94.0,60.78472222222222,0.53,0.5698924731182796,0.5492227979274611,1.3161201873643322,20.41509433962264,5.0,16.0,"[0.318, 0.613, 0.696]","[0.396, 0.618, 0.825]","[0.345, 0.613, 0.763]","[0.507, 1.242, 1.754]",,,,,
mixed,all,native,T2D,120.0,95.0,46.0,55.14583333333334,0.7228915662650602,0.5581395348837209,0.6299212598425197,1.7227049489988664,-2.5833333333333335,-2.5,14.0,"[0.649, 0.778, 0.887]","[0.462, 0.575, 0.729]","[0.6, 0.657, 0.762]","[0.967, 1.79, 2.05]",,,,,
mixed,all,native,healthy,125.0,50.0,99.0,57.09027777777778,0.5580357142857143,0.7142857142857143,0.6265664160401002,0.8758058630336942,-16.76,-20.0,15.0,"[0.422, 0.538, 0.76]","[0.667, 0.818, 0.879]","[0.5, 0.667, 0.71]","[0.287, 0.545, 0.922]",,,,,
mixed,all,native,prediabetes,159.0,76.0,62.0,60.78472222222222,0.7194570135746606,0.676595744680851,0.6973684210526315,1.2503141779961155,-11.0062893081761,-10.0,16.0,"[0.659, 0.756, 0.808]","[0.618, 0.76, 0.862]","[0.6, 0.76, 0.829]","[0.5, 0.921, 1.408]",,,,,
halfsplit,T2D,C05,T2D,,,,,0.2585711689163759,0.34403665138621037,0.29170833386155703,1.436811670982076,36.04038486825305,,,,,,,"[0.093, 0.44]","[0.917, 2.086]","[20.085, 48.273]","[0.119, 0.504]","[0.103, 0.46]"
halfsplit,healthy,C05,healthy,,,,,0.31047902426654184,0.3650626330530452,0.32855074174318455,2.007163271347679,53.718698049174485,,,,,,,"[0.212, 0.493]","[0.98, 3.028]","[35.221, 64.856]","[0.226, 0.52]","[0.236, 0.453]"
halfsplit,prediabetes,C05,prediabetes,,,,,0.4052721828725864,0.42857344400602304,0.4148272415667698,1.743303249928625,42.37456456832783,,,,,,,"[0.088, 0.59]","[0.982, 2.658]","[29.532, 70.161]","[0.117, 0.652]","[0.1, 0.584]"
halfsplit,T2D,C05-15,T2D,,,,,0.3785841823220967,0.5083888280310226,0.42871802024113725,1.0795598679534253,20.387817534887972,,,,,,,"[0.212, 0.588]","[0.547, 1.681]","[9.898, 27.67]","[0.293, 0.688]","[0.247, 0.609]"
halfsplit,healthy,C05-15,healthy,,,,,0.4415491777238197,0.5365222029764383,0.4750395016831197,1.4701756511763804,30.043464241237928,,,,,,,"[0.288, 0.652]","[0.45, 2.575]","[14.18, 50.574]","[0.267, 0.78]","[0.278, 0.668]"
halfsplit,prediabetes,C05-15,prediabetes,,,,,0.5467441955426527,0.5799664746956744,0.5604427243033293,1.2666839548298572,27.238561469841727,,,,,,,"[0.13, 0.748]","[0.558, 2.251]","[18.661, 49.961]","[0.171, 0.79]","[0.148, 0.727]"
halfsplit,T2D,native,T2D,,,,,0.5566525801745495,0.6735309812808834,0.6013339653629092,0.8662914602837073,-11.585349534305312,,,,,,,"[0.393, 0.73]","[0.293, 1.503]","[-31.525, -1.598]","[0.536, 0.84]","[0.491, 0.729]"
halfsplit,healthy,native,healthy,,,,,0.6379121365629458,0.6532424585021924,0.628715050179767,1.485637069955584,-15.559438492121384,,,,,,,"[0.399, 0.818]","[0.393, 3.489]","[-35.937, -4.071]","[0.466, 0.832]","[0.519, 0.7]"
halfsplit,prediabetes,native,prediabetes,,,,,0.6801992459216688,0.6363288104105784,0.6530338011557087,1.4299720443883421,-12.221681022086484,,,,,,,"[0.492, 0.823]","[0.692, 2.036]","[-38.231, 0.601]","[0.527, 0.773]","[0.515, 0.749]"
sizematch,random,C05,T2D,,,,,0.41867088607594943,0.38117155932913355,0.3989842042107673,1.9475632791839819,37.25266605107627,,,,,,,"[0.344, 0.501]","[1.719, 2.186]","[32.775, 41.089]","[0.315, 0.455]","[0.329, 0.477]"
sizematch,random,C05,healthy,,,,,0.2200980392156863,0.3013394826219725,0.254200883452676,1.821676195110084,54.90594681493644,,,,,,,"[0.166, 0.278]","[1.575, 2.041]","[47.706, 64.298]","[0.234, 0.368]","[0.194, 0.311]"
sizematch,random,C05,prediabetes,,,,,0.33975,0.3566838968171087,0.3479156832352585,2.0161316120187367,40.209884935206816,,,,,,,"[0.274, 0.406]","[1.783, 2.274]","[35.334, 47.049]","[0.289, 0.427]","[0.281, 0.416]"
sizematch,random,C05-15,T2D,,,,,0.579746835443038,0.5348424303722326,0.5563043804637251,1.4452587835285224,20.999256644051293,,,,,,,"[0.515, 0.63]","[1.286, 1.635]","[18.243, 24.73]","[0.475, 0.582]","[0.494, 0.604]"
sizematch,random,C05-15,healthy,,,,,0.32647058823529407,0.451620064558385,0.3787007072048854,1.4188054981145848,31.40177400768689,,,,,,,"[0.274, 0.388]","[1.174, 1.664]","[24.714, 39.06]","[0.382, 0.522]","[0.319, 0.438]"
sizematch,random,C05-15,prediabetes,,,,,0.518,0.548201302099635,0.5325321413955135,1.4057808751285277,21.41428343717296,,,,,,,"[0.464, 0.56]","[1.184, 1.604]","[17.702, 25.856]","[0.492, 0.608]","[0.48, 0.582]"
sizematch,random,native,T2D,,,,,0.7222891566265061,0.5542516565697203,0.627007999366356,1.7517189270872684,-6.75138426239747,,,,,,,"[0.696, 0.756]","[1.531, 1.941]","[-10.25, -3.955]","[0.531, 0.585]","[0.607, 0.652]"
sizematch,random,native,healthy,,,,,0.5493303571428572,0.6964225619191293,0.613548730052303,0.9432429144872886,-20.775952285807556,,,,,,,"[0.509, 0.614]","[0.797, 1.221]","[-25.761, -16.015]","[0.656, 0.729]","[0.581, 0.64]"
sizematch,random,native,prediabetes,,,,,0.7199095022624433,0.6666182801439942,0.6920069861150673,1.3111847366617162,-13.642251545869865,,,,,,,"[0.692, 0.76]","[1.185, 1.508]","[-16.067, -9.498]","[0.637, 0.686]","[0.674, 0.712]"
