variant,group,folds,TH_median,TH_cv,M_range,rise_range,time_to_peak_range,length_range
grouped,T2D,14,11657.387842819702,0.0736337764383356,"[33, 34]","[107.0, 113.0]","[75, 80]","[165, 170]"
grouped,healthy,15,2041.318511361278,0.08001537201340769,"[26, 28]","[56.7, 64.8]","[65, 70]","[130, 140]"
grouped,prediabetes,16,4739.636037720127,0.11079068342900694,"[30, 32]","[78.4, 85.7]","[65, 70]","[150, 160]"
halfsplit,T2D,20,13106.294487954954,0.2580981857354254,"[32, 36]","[100.6, 122.4]","[70, 90]","[160, 180]"
halfsplit,healthy,20,2524.7781593231975,0.3364098900281363,"[21, 32]","[41.8, 80.0]","[50, 80]","[105, 160]"
halfsplit,prediabetes,20,4900.570282051674,0.26707297417215736,"[28, 34]","[71.6, 92.7]","[60, 85]","[140, 170]"
mixed,T2D,14,4851.74119319208,0.10838059583865213,"[31, 31]","[78.7, 80.3]","[70, 70]","[155, 155]"
mixed,healthy,15,4886.948391917322,0.10534653188161835,"[31, 32]","[79.0, 84.3]","[70, 75]","[155, 160]"
mixed,prediabetes,16,4890.843268132696,0.0769459326823448,"[30, 32]","[78.5, 83.8]","[70, 75]","[150, 160]"
