rule,route,adjacent_rule,stratum,feature,n,mean_det,mean_ref,ICC_A1,BA_bias,BA_loa_low,BA_loa_high
ours,A,meal_window_max_peak,overall,peak_time_min,221,50.7104,79.6787,0.5485,-28.9683,-92.2086,34.2719
ours,A,meal_window_max_peak,overall,peak_height,221,76.702,78.0901,0.9551,-1.3882,-30.0746,27.2983
ours,A,meal_window_max_peak,overall,iauc,221,6892.1313,6808.5803,0.9495,83.551,-3807.9168,3975.0188
ours,A,meal_window_max_peak,overall,recovery_time_min,221,80.4525,69.3484,0.5752,11.1041,-65.5245,87.7326
ours,A,meal_window_max_peak,healthy,peak_time_min,74,42.4324,64.5946,0.6368,-22.1622,-82.1205,37.7962
ours,A,meal_window_max_peak,healthy,peak_height,74,53.4784,55.5864,0.9317,-2.108,-30.7788,26.5628
ours,A,meal_window_max_peak,healthy,iauc,74,3976.83,4302.2811,0.9585,-325.4511,-2887.9298,2237.0275
ours,A,meal_window_max_peak,healthy,recovery_time_min,74,70.5946,65.3919,0.596,5.2027,-82.0486,92.454
ours,A,meal_window_max_peak,prediabetes,peak_time_min,69,50.2319,85.3188,0.3986,-35.087,-105.678,35.5041
ours,A,meal_window_max_peak,prediabetes,peak_height,69,75.513,75.2331,0.9371,0.2799,-31.4186,31.9784
ours,A,meal_window_max_peak,prediabetes,iauc,69,6590.8333,6386.3503,0.9043,204.483,-4240.963,4649.9291
ours,A,meal_window_max_peak,prediabetes,recovery_time_min,69,88.4058,72.1304,0.5182,16.2754,-62.2973,94.848
ours,A,meal_window_max_peak,T2D,peak_time_min,78,58.9872,89.0,0.5674,-30.0128,-87.5767,27.5511
ours,A,meal_window_max_peak,T2D,peak_height,78,99.7863,101.9672,0.9642,-2.1809,-28.0763,23.7146
ours,A,meal_window_max_peak,T2D,iauc,78,9924.4628,9559.8625,0.9523,364.6004,-3949.8569,4679.0576
ours,A,meal_window_max_peak,T2D,recovery_time_min,78,82.7692,70.641,0.5997,12.1282,-50.1843,74.4407
ours,A,meal_window_max_peak,breakfast,peak_time_min,126,44.5556,70.9762,0.6338,-26.4206,-67.4564,14.6151
ours,A,meal_window_max_peak,breakfast,peak_height,126,79.5553,81.9766,0.9839,-2.4213,-19.7957,14.9531
ours,A,meal_window_max_peak,breakfast,iauc,126,6605.3933,6793.3554,0.9807,-187.9622,-2670.1981,2294.2737
ours,A,meal_window_max_peak,breakfast,recovery_time_min,126,76.5,70.2222,0.7632,6.2778,-48.3151,60.8707
ours,A,meal_window_max_peak,lunch,peak_time_min,95,58.8737,91.2211,0.4553,-32.3474,-116.2706,51.5758
ours,A,meal_window_max_peak,lunch,peak_height,95,72.9175,72.9354,0.9074,-0.0179,-38.8992,38.8634
ours,A,meal_window_max_peak,lunch,iauc,95,7272.4365,6828.7733,0.8999,443.6632,-4691.0925,5578.4189
ours,A,meal_window_max_peak,lunch,recovery_time_min,95,85.6947,68.1895,0.3908,17.5053,-79.9653,114.9758
ours,B,meal_window_max_peak,overall,peak_time_min,441,50.8186,77.9819,0.5461,-27.1633,-93.4502,39.1236
ours,B,meal_window_max_peak,overall,peak_height,441,73.1228,73.0842,0.9486,0.0386,-28.6911,28.7683
ours,B,meal_window_max_peak,overall,iauc,441,6391.4373,6224.1411,0.9534,167.2962,-3258.7842,3593.3767
ours,B,meal_window_max_peak,overall,recovery_time_min,441,78.8753,68.1338,0.6145,10.7415,-59.9414,81.4244
ours,B,meal_window_max_peak,healthy,peak_time_min,157,45.9172,67.2611,0.6021,-21.3439,-87.3295,44.6416
ours,B,meal_window_max_peak,healthy,peak_height,157,53.276,54.7474,0.9275,-1.4714,-26.7829,23.8402
ours,B,meal_window_max_peak,healthy,iauc,157,4033.0615,4249.6918,0.9517,-216.6303,-2700.5081,2267.2475
ours,B,meal_window_max_peak,healthy,recovery_time_min,157,71.4968,66.2229,0.7051,5.2739,-62.9928,73.5405
ours,B,meal_window_max_peak,prediabetes,peak_time_min,137,48.1168,82.5474,0.4316,-34.4307,-107.514,38.6526
ours,B,meal_window_max_peak,prediabetes,peak_height,137,69.346,68.7703,0.9179,0.5757,-32.1791,33.3305
ours,B,meal_window_max_peak,prediabetes,iauc,137,5785.019,5615.7839,0.9194,169.2351,-3586.0092,3924.4794
ours,B,meal_window_max_peak,prediabetes,recovery_time_min,137,84.0949,69.854,0.4704,14.2409,-69.4055,97.8872
ours,B,meal_window_max_peak,T2D,peak_time_min,147,58.5714,85.1769,0.5899,-26.6054,-83.9022,30.6913
ours,B,meal_window_max_peak,T2D,peak_height,147,97.8397,96.6889,0.9586,1.1507,-26.926,29.2275
ours,B,meal_window_max_peak,T2D,iauc,147,9475.4124,8899.8792,0.9563,575.5332,-3218.2943,4369.3607
ours,B,meal_window_max_peak,T2D,recovery_time_min,147,81.8912,68.5714,0.6473,13.3197,-44.7,71.3395
ours,B,meal_window_max_peak,breakfast,peak_time_min,250,47.1,71.248,0.6007,-24.148,-81.288,32.992
ours,B,meal_window_max_peak,breakfast,peak_height,250,77.1275,78.6659,0.9825,-1.5385,-18.7998,15.7229
ours,B,meal_window_max_peak,breakfast,iauc,250,6187.3178,6283.8183,0.9804,-96.5005,-2439.7457,2246.7448
ours,B,meal_window_max_peak,breakfast,recovery_time_min,250,69.584,66.692,0.7749,2.892,-48.2487,54.0327
ours,B,meal_window_max_peak,lunch,peak_time_min,191,55.6859,86.7958,0.4786,-31.1099,-107.2054,44.9855
ours,B,meal_window_max_peak,lunch,peak_height,191,67.8812,65.7783,0.8898,2.1028,-36.5228,40.7284
ours,B,meal_window_max_peak,lunch,iauc,191,6658.6095,6146.0297,0.9082,512.5798,-3866.3245,4891.4841
ours,B,meal_window_max_peak,lunch,recovery_time_min,191,91.0366,70.0209,0.4628,21.0157,-65.1425,107.174
