subject,group,n_meal_rows_raw,n_meals_merged,train_days,test_days,version,evaluation,n_test_meals_eval,n_test_meals_nonevaluable,TH,M,TP,FP,FN,days,sensitivity,precision,F1,FP_per_day,delay_mean_min,delay_median_min,delays,cc_peak_minus_meal_median_min
CGMacros-001,healthy,43,39,5.361111111111111,4.545138888888889,persTMA,C05,15,0,658.5558286065566,11,10,6,4,4.545138888888889,0.7142857142857143,0.625,0.6666666666666666,1.3200916730328494,43.2,43.5,"[46.0, 2.0, 73.0, 41.0, 3.0, 29.0, 73.0, 78.0, 2.0, 85.0]",
CGMacros-001,healthy,43,39,5.361111111111111,4.545138888888889,persTMA,C05-15,15,0,658.5558286065566,11,13,4,1,4.545138888888889,0.9285714285714286,0.7647058823529411,0.8387096774193549,0.8800611153552329,32.69230769230769,29.0,"[46.0, -3.0, 2.0, 73.0, -1.0, 41.0, 3.0, 29.0, 73.0, 78.0, -3.0, 2.0, 85.0]",
CGMacros-001,healthy,43,39,5.361111111111111,4.545138888888889,persTMA,native,15,0,658.5558286065566,11,14,14,1,4.545138888888889,0.9333333333333333,0.5,0.6511627906976745,3.0802139037433154,16.071428571428573,0.0,"[45.0, -5.0, 0.0, 70.0, -5.0, -25.0, 0.0, 5.0, 25.0, 70.0, -35.0, -5.0, 0.0, 85.0]",25.0
CGMacros-001,healthy,43,39,5.361111111111111,4.545138888888889,popTMA,C05,15,0,5277.358787551435,31,2,6,12,4.545138888888889,0.14285714285714285,0.25,0.18181818181818182,1.3200916730328494,76.5,76.5,"[68.0, 85.0]",
CGMacros-001,healthy,43,39,5.361111111111111,4.545138888888889,popTMA,C05-15,15,0,5277.358787551435,31,5,3,9,4.545138888888889,0.35714285714285715,0.625,0.45454545454545453,0.6600458365164247,25.8,-6.0,"[-11.0, -7.0, -6.0, 68.0, 85.0]",
CGMacros-001,healthy,43,39,5.361111111111111,4.545138888888889,popTMA,native,15,0,5277.358787551435,31,6,3,9,4.545138888888889,0.4,0.6666666666666666,0.5,0.6600458365164247,-21.666666666666668,-17.5,"[-20.0, -15.0, -10.0, -10.0, -45.0, -30.0]",57.5
CGMacros-002,healthy,37,31,5.826388888888889,3.670138888888889,persTMA,C05,12,0,4729.773920761267,23,9,1,3,3.670138888888889,0.75,0.9,0.8181818181818182,0.27246925260170296,20.22222222222222,25.0,"[37.0, 6.0, 18.0, 30.0, 29.0, 25.0, 10.0, 26.0, 1.0]",
CGMacros-002,healthy,37,31,5.826388888888889,3.670138888888889,persTMA,C05-15,12,0,4729.773920761267,23,9,1,3,3.670138888888889,0.75,0.9,0.8181818181818182,0.27246925260170296,20.22222222222222,25.0,"[37.0, 6.0, 18.0, 30.0, 29.0, 25.0, 10.0, 26.0, 1.0]",
CGMacros-002,healthy,37,31,5.826388888888889,3.670138888888889,persTMA,native,12,0,4729.773920761267,23,9,2,3,3.670138888888889,0.75,0.8181818181818182,0.782608695652174,0.5449385052034059,18.88888888888889,25.0,"[35.0, 5.0, 15.0, 30.0, 25.0, 25.0, 10.0, 25.0, 0.0]",80.0
CGMacros-002,healthy,37,31,5.826388888888889,3.670138888888889,popTMA,C05,12,0,3916.3586978969106,31,6,6,6,3.670138888888889,0.5,0.5,0.5,1.6348155156102175,16.333333333333332,5.5,"[12.0, 5.0, 4.0, 0.0, 6.0, 71.0]",
CGMacros-002,healthy,37,31,5.826388888888889,3.670138888888889,popTMA,C05-15,12,0,3916.3586978969106,31,8,4,4,3.670138888888889,0.6666666666666666,0.6666666666666666,0.6666666666666666,1.0898770104068118,10.125,4.5,"[12.0, -2.0, 5.0, 4.0, 0.0, -15.0, 6.0, 71.0]",
CGMacros-002,healthy,37,31,5.826388888888889,3.670138888888889,popTMA,native,12,0,3916.3586978969106,31,10,2,2,3.670138888888889,0.8333333333333334,0.8333333333333334,0.8333333333333334,0.5449385052034059,-9.5,-2.5,"[10.0, -25.0, -5.0, -45.0, 5.0, 0.0, 0.0, -15.0, 5.0, -25.0]",72.5
CGMacros-003,T2D,35,35,6.260416666666667,3.642361111111111,persTMA,C05,14,0,10186.443067009124,27,9,0,5,3.642361111111111,0.6428571428571429,1.0,0.782608695652174,0.0,16.444444444444443,12.0,"[12.0, 9.0, 13.0, 21.0, 62.0, 9.0, 1.0, 19.0, 2.0]",
CGMacros-003,T2D,35,35,6.260416666666667,3.642361111111111,persTMA,C05-15,14,0,10186.443067009124,27,9,0,5,3.642361111111111,0.6428571428571429,1.0,0.782608695652174,0.0,16.444444444444443,12.0,"[12.0, 9.0, 13.0, 21.0, 62.0, 9.0, 1.0, 19.0, 2.0]",
CGMacros-003,T2D,35,35,6.260416666666667,3.642361111111111,persTMA,native,14,0,10186.443067009124,27,8,1,6,3.642361111111111,0.5714285714285714,0.8888888888888888,0.6956521739130435,0.27454718779790277,8.125,7.5,"[10.0, 5.0, 10.0, 20.0, 5.0, 0.0, 15.0, 0.0]",72.5
CGMacros-003,T2D,35,35,6.260416666666667,3.642361111111111,popTMA,C05,14,0,4884.356153843357,31,3,6,11,3.642361111111111,0.21428571428571427,0.3333333333333333,0.2608695652173913,1.6472831267874166,45.666666666666664,42.0,"[1.0, 42.0, 94.0]",
CGMacros-003,T2D,35,35,6.260416666666667,3.642361111111111,popTMA,C05-15,14,0,4884.356153843357,31,7,2,7,3.642361111111111,0.5,0.7777777777777778,0.6086956521739131,0.5490943755958055,2.7142857142857144,-1.0,"[-13.0, -7.0, 1.0, 42.0, -11.0, 8.0, -1.0]",
CGMacros-003,T2D,35,35,6.260416666666667,3.642361111111111,popTMA,native,14,0,4884.356153843357,31,9,0,5,3.642361111111111,0.6428571428571429,1.0,0.782608695652174,0.0,-5.0,-10.0,"[-15.0, -20.0, -10.0, 0.0, 40.0, -15.0, 5.0, -25.0, -5.0]",65.0
CGMacros-004,healthy,62,51,6.399305555555555,3.513888888888889,persTMA,C05,20,0,3010.9549648482807,26,7,4,11,3.513888888888889,0.3888888888888889,0.6363636363636364,0.4827586206896552,1.1383399209486167,57.714285714285715,46.0,"[20.0, 96.0, 46.0, 119.0, 11.0, 43.0, 69.0]",
CGMacros-004,healthy,62,51,6.399305555555555,3.513888888888889,persTMA,C05-15,20,0,3010.9549648482807,26,9,1,9,3.513888888888889,0.5,0.9,0.6428571428571429,0.2845849802371542,31.444444444444443,20.0,"[-13.0, -8.0, 20.0, -4.0, 46.0, 119.0, 11.0, 43.0, 69.0]",
CGMacros-004,healthy,62,51,6.399305555555555,3.513888888888889,persTMA,native,20,0,3010.9549648482807,26,10,5,10,3.513888888888889,0.5,0.6666666666666666,0.5714285714285714,1.4229249011857708,3.5,-2.5,"[-15.0, -10.0, 20.0, -5.0, 45.0, 0.0, -25.0, 10.0, 40.0, -25.0]",62.5
CGMacros-004,healthy,62,51,6.399305555555555,3.513888888888889,popTMA,C05,20,0,4915.668809497147,31,6,4,12,3.513888888888889,0.3333333333333333,0.6,0.42857142857142855,1.1383399209486167,43.333333333333336,42.0,"[10.0, 91.0, 41.0, 6.0, 43.0, 69.0]",
CGMacros-004,healthy,62,51,6.399305555555555,3.513888888888889,popTMA,C05-15,20,0,4915.668809497147,31,7,2,11,3.513888888888889,0.3888888888888889,0.7777777777777778,0.5185185185185185,0.5691699604743083,21.0,10.0,"[-13.0, 10.0, -9.0, 41.0, 6.0, 43.0, 69.0]",
CGMacros-004,healthy,62,51,6.399305555555555,3.513888888888889,popTMA,native,20,0,4915.668809497147,31,8,4,12,3.513888888888889,0.4,0.6666666666666666,0.5,1.1383399209486167,-1.875,-2.5,"[-50.0, -15.0, 10.0, -10.0, 40.0, -35.0, 5.0, 40.0]",72.5
CGMacros-005,T2D,46,43,6.020833333333333,3.892361111111111,persTMA,C05,17,0,7660.739733406532,31,3,9,14,3.892361111111111,0.17647058823529413,0.25,0.20689655172413793,2.312221231043711,28.666666666666668,31.0,"[1.0, 31.0, 54.0]",
CGMacros-005,T2D,46,43,6.020833333333333,3.892361111111111,persTMA,C05-15,17,0,7660.739733406532,31,4,8,13,3.892361111111111,0.23529411764705882,0.3333333333333333,0.27586206896551724,2.055307760927743,18.0,16.0,"[1.0, -14.0, 31.0, 54.0]",
CGMacros-005,T2D,46,43,6.020833333333333,3.892361111111111,persTMA,native,17,0,7660.739733406532,31,12,0,5,3.892361111111111,0.7058823529411765,1.0,0.8275862068965517,0.0,-24.166666666666668,-25.0,"[0.0, -25.0, -40.0, -15.0, -75.0, 30.0, -20.0, -25.0, -55.0, 0.0, -40.0, -25.0]",50.0
CGMacros-005,T2D,46,43,6.020833333333333,3.892361111111111,popTMA,C05,17,0,4869.559907418996,31,11,0,6,3.892361111111111,0.6470588235294118,1.0,0.7857142857142857,0.0,50.72727272727273,53.0,"[81.0, 53.0, 39.0, 61.0, 5.0, 60.0, 52.0, 27.0, 81.0, 44.0, 55.0]",
CGMacros-005,T2D,46,43,6.020833333333333,3.892361111111111,popTMA,C05-15,17,0,4869.559907418996,31,11,0,6,3.892361111111111,0.6470588235294118,1.0,0.7857142857142857,0.0,50.72727272727273,53.0,"[81.0, 53.0, 39.0, 61.0, 5.0, 60.0, 52.0, 27.0, 81.0, 44.0, 55.0]",
CGMacros-005,T2D,46,43,6.020833333333333,3.892361111111111,popTMA,native,17,0,4869.559907418996,31,5,7,12,3.892361111111111,0.29411764705882354,0.4166666666666667,0.3448275862068966,1.7983942908117752,27.0,30.0,"[35.0, 5.0, 25.0, 30.0, 40.0]",105.0
CGMacros-006,healthy,38,37,6.621527777777778,3.2916666666666665,persTMA,C05,14,0,1222.0387346205716,19,3,7,10,3.2916666666666665,0.23076923076923078,0.3,0.2608695652173913,2.126582278481013,66.0,67.0,"[44.0, 67.0, 87.0]",
CGMacros-006,healthy,38,37,6.621527777777778,3.2916666666666665,persTMA,C05-15,14,0,1222.0387346205716,19,6,4,7,3.2916666666666665,0.46153846153846156,0.6,0.5217391304347826,1.2151898734177216,29.666666666666668,21.0,"[44.0, 67.0, -2.0, -6.0, -12.0, 87.0]",
CGMacros-006,healthy,38,37,6.621527777777778,3.2916666666666665,persTMA,native,14,0,1222.0387346205716,19,10,3,4,3.2916666666666665,0.7142857142857143,0.7692307692307693,0.7407407407407407,0.9113924050632912,-8.0,-12.5,"[40.0, -20.0, -10.0, -25.0, -5.0, -30.0, -10.0, -15.0, 15.0, -20.0]",32.5
CGMacros-006,healthy,38,37,6.621527777777778,3.2916666666666665,popTMA,C05,14,0,5307.833616401105,31,1,3,12,3.2916666666666665,0.07692307692307693,0.25,0.11764705882352941,0.9113924050632912,82.0,82.0,[82.0],
CGMacros-006,healthy,38,37,6.621527777777778,3.2916666666666665,popTMA,C05-15,14,0,5307.833616401105,31,3,1,10,3.2916666666666665,0.23076923076923078,0.75,0.35294117647058826,0.3037974683544304,23.0,-2.0,"[-2.0, -11.0, 82.0]",
CGMacros-006,healthy,38,37,6.621527777777778,3.2916666666666665,popTMA,native,14,0,5307.833616401105,31,4,0,10,3.2916666666666665,0.2857142857142857,1.0,0.4444444444444444,0.0,-8.75,-10.0,"[-5.0, -15.0, -25.0, 10.0]",65.0
CGMacros-007,prediabetes,17,17,2.517361111111111,1.5659722222222223,persTMA,C05,3,3,7844.735507856554,27,0,0,3,1.5659722222222223,0.0,,0.0,0.0,,,[],
CGMacros-007,prediabetes,17,17,2.517361111111111,1.5659722222222223,persTMA,C05-15,3,3,7844.735507856554,27,0,0,3,1.5659722222222223,0.0,,0.0,0.0,,,[],
CGMacros-007,prediabetes,17,17,2.517361111111111,1.5659722222222223,persTMA,native,3,3,7844.735507856554,27,0,0,3,1.5659722222222223,0.0,,0.0,0.0,,,[],
CGMacros-007,prediabetes,17,17,2.517361111111111,1.5659722222222223,popTMA,C05,3,3,4000.680205487377,31,1,1,2,1.5659722222222223,0.3333333333333333,0.5,0.4,0.6385809312638581,1.0,1.0,[1.0],
CGMacros-007,prediabetes,17,17,2.517361111111111,1.5659722222222223,popTMA,C05-15,3,3,4000.680205487377,31,2,0,1,1.5659722222222223,0.6666666666666666,1.0,0.8,0.0,-5.0,-5.0,"[-11.0, 1.0]",
CGMacros-007,prediabetes,17,17,2.517361111111111,1.5659722222222223,popTMA,native,3,3,4000.680205487377,31,2,0,1,1.5659722222222223,0.6666666666666666,1.0,0.8,0.0,-7.5,-7.5,"[-15.0, 0.0]",67.5
CGMacros-008,prediabetes,30,30,6.020833333333333,3.8819444444444446,persTMA,C05,12,0,3189.3111368778627,22,10,3,2,3.8819444444444446,0.8333333333333334,0.7692307692307693,0.8,0.7728085867620751,27.1,19.0,"[43.0, 10.0, 25.0, 12.0, 21.0, 73.0, 10.0, 17.0, 44.0, 16.0]",
CGMacros-008,prediabetes,30,30,6.020833333333333,3.8819444444444446,persTMA,C05-15,12,0,3189.3111368778627,22,10,3,2,3.8819444444444446,0.8333333333333334,0.7692307692307693,0.8,0.7728085867620751,27.1,19.0,"[43.0, 10.0, 25.0, 12.0, 21.0, 73.0, 10.0, 17.0, 44.0, 16.0]",
CGMacros-008,prediabetes,30,30,6.020833333333333,3.8819444444444446,persTMA,native,12,0,3189.3111368778627,22,9,9,3,3.8819444444444446,0.75,0.5,0.6,2.3184257602862255,20.555555555555557,15.0,"[40.0, 10.0, 25.0, 10.0, 20.0, 10.0, 15.0, 40.0, 15.0]",70.0
CGMacros-008,prediabetes,30,30,6.020833333333333,3.8819444444444446,popTMA,C05,12,0,4892.063433848976,31,4,8,8,3.8819444444444446,0.3333333333333333,0.3333333333333333,0.3333333333333333,2.0608228980322,9.75,9.0,"[18.0, 9.0, 3.0, 9.0]",
CGMacros-008,prediabetes,30,30,6.020833333333333,3.8819444444444446,popTMA,C05-15,12,0,4892.063433848976,31,7,5,5,3.8819444444444446,0.5833333333333334,0.5833333333333334,0.5833333333333334,1.2880143112701252,0.14285714285714285,3.0,"[18.0, -10.0, 9.0, -14.0, 3.0, 9.0, -14.0]",
CGMacros-008,prediabetes,30,30,6.020833333333333,3.8819444444444446,popTMA,native,12,0,4892.063433848976,31,11,1,1,3.8819444444444446,0.9166666666666666,0.9166666666666666,0.9166666666666666,0.257602862254025,-11.363636363636363,-15.0,"[15.0, -25.0, -10.0, 5.0, -25.0, -15.0, 0.0, -40.0, -20.0, 5.0, -15.0]",60.0
CGMacros-009,prediabetes,41,41,5.649305555555555,4.232638888888889,persTMA,C05,16,0,3023.7651617737247,26,5,14,11,4.232638888888889,0.3125,0.2631578947368421,0.2857142857142857,3.3076292042657913,32.4,11.0,"[11.0, 52.0, 4.0, 0.0, 95.0]",
CGMacros-009,prediabetes,41,41,5.649305555555555,4.232638888888889,persTMA,C05-15,16,0,3023.7651617737247,26,8,11,8,4.232638888888889,0.5,0.42105263157894735,0.45714285714285713,2.5988515176374074,17.25,2.0,"[-10.0, -9.0, 11.0, 52.0, 4.0, 0.0, 95.0, -5.0]",
CGMacros-009,prediabetes,41,41,5.649305555555555,4.232638888888889,persTMA,native,16,0,3023.7651617737247,26,14,9,2,4.232638888888889,0.875,0.6086956521739131,0.717948717948718,2.1263330598851518,-23.214285714285715,-27.5,"[-10.0, -10.0, 10.0, -35.0, -30.0, -25.0, 0.0, -25.0, -40.0, -30.0, -50.0, -45.0, -5.0, -30.0]",37.5
CGMacros-009,prediabetes,41,41,5.649305555555555,4.232638888888889,popTMA,C05,16,0,5213.258030769401,31,11,2,5,4.232638888888889,0.6875,0.8461538461538461,0.7586206896551724,0.4725184577522559,50.45454545454545,45.0,"[60.0, 56.0, 86.0, 42.0, 42.0, 60.0, 26.0, 45.0, 33.0, 65.0, 40.0]",
CGMacros-009,prediabetes,41,41,5.649305555555555,4.232638888888889,popTMA,C05-15,16,0,5213.258030769401,31,11,2,5,4.232638888888889,0.6875,0.8461538461538461,0.7586206896551724,0.4725184577522559,50.45454545454545,45.0,"[60.0, 56.0, 86.0, 42.0, 42.0, 60.0, 26.0, 45.0, 33.0, 65.0, 40.0]",
CGMacros-009,prediabetes,41,41,5.649305555555555,4.232638888888889,popTMA,native,16,0,5213.258030769401,31,7,10,9,4.232638888888889,0.4375,0.4117647058823529,0.42424242424242425,2.3625922887612796,0.0,25.0,"[25.0, 40.0, -90.0, 25.0, -70.0, 30.0, 40.0]",100.0
CGMacros-010,prediabetes,45,41,5.861111111111111,4.052083333333333,persTMA,C05,16,0,2888.9020442756446,18,8,6,5,4.052083333333333,0.6153846153846154,0.5714285714285714,0.5925925925925926,1.4807197943444732,28.0,18.0,"[21.0, 16.0, 20.0, 16.0, 59.0, 82.0, 4.0, 6.0]",
CGMacros-010,prediabetes,45,41,5.861111111111111,4.052083333333333,persTMA,C05-15,16,0,2888.9020442756446,18,9,4,4,4.052083333333333,0.6923076923076923,0.6923076923076923,0.6923076923076923,0.9871465295629821,17.555555555555557,16.0,"[21.0, 16.0, 20.0, 16.0, -6.0, -1.0, 82.0, 4.0, 6.0]",
CGMacros-010,prediabetes,45,41,5.861111111111111,4.052083333333333,persTMA,native,16,0,2888.9020442756446,18,13,6,3,4.052083333333333,0.8125,0.6842105263157895,0.7428571428571429,1.4807197943444732,-1.1538461538461537,5.0,"[20.0, 15.0, 10.0, 20.0, 5.0, 15.0, -35.0, -10.0, -5.0, -50.0, 0.0, 5.0, -5.0]",50.0
CGMacros-010,prediabetes,45,41,5.861111111111111,4.052083333333333,popTMA,C05,16,0,4861.734562326637,32,3,8,10,4.052083333333333,0.23076923076923078,0.2727272727272727,0.25,1.9742930591259642,63.333333333333336,59.0,"[25.0, 59.0, 106.0]",
CGMacros-010,prediabetes,45,41,5.861111111111111,4.052083333333333,popTMA,C05-15,16,0,4861.734562326637,32,7,4,6,4.052083333333333,0.5384615384615384,0.6363636363636364,0.5833333333333334,0.9871465295629821,24.0,-4.0,"[-4.0, -4.0, -5.0, 25.0, -9.0, 59.0, 106.0]",
CGMacros-010,prediabetes,45,41,5.861111111111111,4.052083333333333,popTMA,native,16,0,4861.734562326637,32,11,5,5,4.052083333333333,0.6875,0.6875,0.6875,1.2339331619537275,-18.636363636363637,-10.0,"[-5.0, -5.0, -10.0, -5.0, 25.0, -5.0, -10.0, -65.0, -30.0, -70.0, -25.0]",70.0
CGMacros-011,prediabetes,39,37,6.038194444444445,3.875,persTMA,C05,14,0,3086.4204817877453,24,9,6,4,3.875,0.6923076923076923,0.6,0.6428571428571429,1.5483870967741935,29.555555555555557,24.0,"[89.0, 6.0, 17.0, 25.0, 24.0, 30.0, 36.0, 19.0, 20.0]",
CGMacros-011,prediabetes,39,37,6.038194444444445,3.875,persTMA,C05-15,14,0,3086.4204817877453,24,10,5,3,3.875,0.7692307692307693,0.6666666666666666,0.7142857142857143,1.2903225806451613,26.3,22.0,"[89.0, 6.0, 17.0, 25.0, 24.0, 30.0, 36.0, 19.0, -3.0, 20.0]",
CGMacros-011,prediabetes,39,37,6.038194444444445,3.875,persTMA,native,14,0,3086.4204817877453,24,11,9,3,3.875,0.7857142857142857,0.55,0.6470588235294118,2.3225806451612905,7.2727272727272725,15.0,"[-35.0, 5.0, -45.0, 15.0, 25.0, 20.0, 30.0, 35.0, 15.0, -5.0, 20.0]",75.0
CGMacros-011,prediabetes,39,37,6.038194444444445,3.875,popTMA,C05,14,0,4746.673219762568,32,1,9,12,3.875,0.07692307692307693,0.1,0.08695652173913043,2.3225806451612905,39.0,39.0,[39.0],
CGMacros-011,prediabetes,39,37,6.038194444444445,3.875,popTMA,C05-15,14,0,4746.673219762568,32,2,8,11,3.875,0.15384615384615385,0.2,0.17391304347826086,2.064516129032258,12.5,12.5,"[39.0, -14.0]",
CGMacros-011,prediabetes,39,37,6.038194444444445,3.875,popTMA,native,14,0,4746.673219762568,32,11,3,3,3.875,0.7857142857142857,0.7857142857142857,0.7857142857142857,0.7741935483870968,-28.636363636363637,-25.0,"[35.0, -45.0, -80.0, -30.0, -25.0, -25.0, -20.0, -15.0, -35.0, -50.0, -25.0]",55.0
CGMacros-012,T2D,33,32,6.09375,3.8159722222222223,persTMA,C05,12,0,5593.548675881328,22,4,7,7,3.8159722222222223,0.36363636363636365,0.36363636363636365,0.36363636363636365,1.8343949044585988,10.5,10.0,"[4.0, 12.0, 18.0, 8.0]",
CGMacros-012,T2D,33,32,6.09375,3.8159722222222223,persTMA,C05-15,12,0,5593.548675881328,22,9,2,2,3.8159722222222223,0.8181818181818182,0.8181818181818182,0.8181818181818182,0.5241128298453139,-0.7777777777777778,-4.0,"[4.0, -13.0, -5.0, 12.0, -4.0, 18.0, -12.0, 8.0, -15.0]",
CGMacros-012,T2D,33,32,6.09375,3.8159722222222223,persTMA,native,12,0,5593.548675881328,22,11,3,1,3.8159722222222223,0.9166666666666666,0.7857142857142857,0.8461538461538461,0.7861692447679709,-5.0,-5.0,"[0.0, -5.0, -15.0, -5.0, 10.0, -25.0, -5.0, 15.0, -15.0, 5.0, -15.0]",50.0
CGMacros-012,T2D,33,32,6.09375,3.8159722222222223,popTMA,C05,12,0,3936.722949972369,31,6,5,5,3.8159722222222223,0.5454545454545454,0.5454545454545454,0.5454545454545454,1.3102820746132848,13.833333333333334,13.5,"[14.0, 5.0, 22.0, 6.0, 23.0, 13.0]",
CGMacros-012,T2D,33,32,6.09375,3.8159722222222223,popTMA,C05-15,12,0,3936.722949972369,31,9,2,2,3.8159722222222223,0.8181818181818182,0.8181818181818182,0.8181818181818182,0.5241128298453139,6.444444444444445,6.0,"[14.0, -8.0, 5.0, 22.0, 6.0, 23.0, -7.0, 13.0, -10.0]",
CGMacros-012,T2D,33,32,6.09375,3.8159722222222223,popTMA,native,12,0,3936.722949972369,31,11,3,1,3.8159722222222223,0.9166666666666666,0.7857142857142857,0.8461538461538461,0.7861692447679709,2.272727272727273,5.0,"[10.0, 5.0, -10.0, 5.0, 20.0, -20.0, 5.0, 20.0, -10.0, 10.0, -10.0]",80.0
CGMacros-013,prediabetes,39,38,6.277777777777778,3.6354166666666665,persTMA,C05,15,0,5403.849311778336,29,5,6,8,3.6354166666666665,0.38461538461538464,0.45454545454545453,0.4166666666666667,1.6504297994269341,44.2,18.0,"[77.0, 4.0, 18.0, 12.0, 110.0]",
CGMacros-013,prediabetes,39,38,6.277777777777778,3.6354166666666665,persTMA,C05-15,15,0,5403.849311778336,29,6,5,7,3.6354166666666665,0.46153846153846156,0.5454545454545454,0.5,1.3753581661891119,35.833333333333336,15.0,"[77.0, 4.0, 18.0, 12.0, -6.0, 110.0]",
CGMacros-013,prediabetes,39,38,6.277777777777778,3.6354166666666665,persTMA,native,15,0,5403.849311778336,29,12,4,3,3.6354166666666665,0.8,0.75,0.7741935483870968,1.1002865329512894,-29.166666666666668,-27.5,"[-20.0, 0.0, 15.0, -35.0, -25.0, -30.0, 10.0, -10.0, -80.0, -70.0, -30.0, -75.0]",42.5
CGMacros-013,prediabetes,39,38,6.277777777777778,3.6354166666666665,popTMA,C05,15,0,5110.02995700379,31,8,7,5,3.6354166666666665,0.6153846153846154,0.5333333333333333,0.5714285714285714,1.9255014326647566,47.375,45.0,"[69.0, 83.0, 35.0, 39.0, 47.0, 59.0, 4.0, 43.0]",
CGMacros-013,prediabetes,39,38,6.277777777777778,3.6354166666666665,popTMA,C05-15,15,0,5110.02995700379,31,9,6,4,3.6354166666666665,0.6923076923076923,0.6,0.6428571428571429,1.6504297994269341,40.44444444444444,43.0,"[69.0, 83.0, 35.0, 39.0, 47.0, 59.0, -15.0, 4.0, 43.0]",
CGMacros-013,prediabetes,39,38,6.277777777777778,3.6354166666666665,popTMA,native,15,0,5110.02995700379,31,9,7,6,3.6354166666666665,0.6,0.5625,0.5806451612903226,1.9255014326647566,17.22222222222222,35.0,"[45.0, 45.0, 35.0, 35.0, 45.0, -75.0, -15.0, 0.0, 40.0]",110.0
CGMacros-014,T2D,40,36,6.170138888888889,3.7430555555555554,persTMA,C05,14,0,1458.2201711532925,21,10,5,2,3.7430555555555554,0.8333333333333334,0.6666666666666666,0.7407407407407407,1.3358070500927643,37.6,29.5,"[18.0, 24.0, 58.0, 35.0, 23.0, 53.0, 36.0, 22.0, 97.0, 10.0]",
CGMacros-014,T2D,40,36,6.170138888888889,3.7430555555555554,persTMA,C05-15,14,0,1458.2201711532925,21,10,5,2,3.7430555555555554,0.8333333333333334,0.6666666666666666,0.7407407407407407,1.3358070500927643,37.6,29.5,"[18.0, 24.0, 58.0, 35.0, 23.0, 53.0, 36.0, 22.0, 97.0, 10.0]",
CGMacros-014,T2D,40,36,6.170138888888889,3.7430555555555554,persTMA,native,14,0,1458.2201711532925,21,10,13,4,3.7430555555555554,0.7142857142857143,0.43478260869565216,0.5405405405405406,3.4730983302411875,28.5,22.5,"[15.0, 20.0, 55.0, 35.0, 25.0, 20.0, 50.0, 35.0, 20.0, 10.0]",72.5
CGMacros-014,T2D,40,36,6.170138888888889,3.7430555555555554,popTMA,C05,14,0,4952.12673159517,31,5,6,7,3.7430555555555554,0.4166666666666667,0.45454545454545453,0.43478260869565216,1.6029684601113174,38.4,12.0,"[3.0, 105.0, 8.0, 12.0, 64.0]",
CGMacros-014,T2D,40,36,6.170138888888889,3.7430555555555554,popTMA,C05-15,14,0,4952.12673159517,31,6,4,6,3.7430555555555554,0.5,0.6,0.5454545454545454,1.0686456400742115,11.333333333333334,5.5,"[3.0, -10.0, 8.0, -9.0, 12.0, 64.0]",
CGMacros-014,T2D,40,36,6.170138888888889,3.7430555555555554,popTMA,native,14,0,4952.12673159517,31,10,2,4,3.7430555555555554,0.7142857142857143,0.8333333333333334,0.7692307692307693,0.5343228200371057,-11.5,-15.0,"[-20.0, -25.0, 0.0, -10.0, -20.0, -20.0, 5.0, -10.0, -25.0, 10.0]",60.0
CGMacros-015,healthy,52,45,6.270833333333333,3.5972222222222223,persTMA,C05,18,0,819.599019659026,11,6,1,10,3.5972222222222223,0.375,0.8571428571428571,0.5217391304347826,0.277992277992278,30.833333333333332,37.0,"[6.0, 11.0, 40.0, 48.0, 34.0, 46.0]",
CGMacros-015,healthy,52,45,6.270833333333333,3.5972222222222223,persTMA,C05-15,18,0,819.599019659026,11,6,1,10,3.5972222222222223,0.375,0.8571428571428571,0.5217391304347826,0.277992277992278,30.833333333333332,37.0,"[6.0, 11.0, 40.0, 48.0, 34.0, 46.0]",
CGMacros-015,healthy,52,45,6.270833333333333,3.5972222222222223,persTMA,native,18,0,819.599019659026,11,9,1,9,3.5972222222222223,0.5,0.9,0.6428571428571429,0.277992277992278,15.0,30.0,"[-40.0, 5.0, 10.0, 40.0, -30.0, 45.0, 30.0, 30.0, 45.0]",55.0
CGMacros-015,healthy,52,45,6.270833333333333,3.5972222222222223,popTMA,C05,18,0,4886.948391917322,32,2,5,14,3.5972222222222223,0.125,0.2857142857142857,0.17391304347826086,1.3899613899613898,77.0,77.0,"[63.0, 91.0]",
CGMacros-015,healthy,52,45,6.270833333333333,3.5972222222222223,popTMA,C05-15,18,0,4886.948391917322,32,4,3,12,3.5972222222222223,0.25,0.5714285714285714,0.34782608695652173,0.833976833976834,33.75,29.5,"[-15.0, 63.0, 91.0, -4.0]",
CGMacros-015,healthy,52,45,6.270833333333333,3.5972222222222223,popTMA,native,18,0,4886.948391917322,32,8,0,10,3.5972222222222223,0.4444444444444444,1.0,0.6153846153846154,0.0,-18.75,-12.5,"[-45.0, -40.0, -15.0, -5.0, -5.0, -25.0, -5.0, -10.0]",67.5
CGMacros-016,prediabetes,28,28,6.677083333333333,3.236111111111111,persTMA,C05,11,0,1406.8307321068214,19,8,2,3,3.236111111111111,0.7272727272727273,0.8,0.7619047619047619,0.6180257510729613,26.25,11.0,"[9.0, 13.0, 98.0, 8.0, 9.0, 5.0, 15.0, 53.0]",
CGMacros-016,prediabetes,28,28,6.677083333333333,3.236111111111111,persTMA,C05-15,11,0,1406.8307321068214,19,8,2,3,3.236111111111111,0.7272727272727273,0.8,0.7619047619047619,0.6180257510729613,26.25,11.0,"[9.0, 13.0, 98.0, 8.0, 9.0, 5.0, 15.0, 53.0]",
CGMacros-016,prediabetes,28,28,6.677083333333333,3.236111111111111,persTMA,native,11,0,1406.8307321068214,19,7,6,4,3.236111111111111,0.6363636363636364,0.5384615384615384,0.5833333333333334,1.854077253218884,1.4285714285714286,5.0,"[5.0, 10.0, 5.0, 5.0, 5.0, 15.0, -35.0]",50.0
CGMacros-016,prediabetes,28,28,6.677083333333333,3.236111111111111,popTMA,C05,11,0,4964.3943603087755,31,2,8,9,3.236111111111111,0.18181818181818182,0.2,0.19047619047619047,2.4721030042918453,53.0,53.0,"[68.0, 38.0]",
CGMacros-016,prediabetes,28,28,6.677083333333333,3.236111111111111,popTMA,C05-15,11,0,4964.3943603087755,31,3,7,8,3.236111111111111,0.2727272727272727,0.3,0.2857142857142857,2.163090128755365,32.0,38.0,"[68.0, -10.0, 38.0]",
CGMacros-016,prediabetes,28,28,6.677083333333333,3.236111111111111,popTMA,native,11,0,4964.3943603087755,31,7,4,4,3.236111111111111,0.6363636363636364,0.6363636363636364,0.6363636363636364,1.2360515021459226,-28.571428571428573,-25.0,"[-25.0, -25.0, -20.0, -20.0, -25.0, -10.0, -75.0]",50.0
CGMacros-017,healthy,48,40,5.635416666666667,4.253472222222222,persTMA,C05,16,0,1596.553142172681,14,10,1,4,4.253472222222222,0.7142857142857143,0.9090909090909091,0.8,0.23510204081632652,15.2,11.5,"[35.0, 34.0, 4.0, 2.0, 8.0, 18.0, 35.0, 0.0, 1.0, 15.0]",
CGMacros-017,healthy,48,40,5.635416666666667,4.253472222222222,persTMA,C05-15,16,0,1596.553142172681,14,10,1,4,4.253472222222222,0.7142857142857143,0.9090909090909091,0.8,0.23510204081632652,15.2,11.5,"[35.0, 34.0, 4.0, 2.0, 8.0, 18.0, 35.0, 0.0, 1.0, 15.0]",
CGMacros-017,healthy,48,40,5.635416666666667,4.253472222222222,persTMA,native,16,0,1596.553142172681,14,11,7,5,4.253472222222222,0.6875,0.6111111111111112,0.6470588235294118,1.6457142857142857,12.727272727272727,5.0,"[35.0, 30.0, 5.0, 0.0, 0.0, 5.0, 15.0, 35.0, 0.0, 0.0, 15.0]",40.0
CGMacros-017,healthy,48,40,5.635416666666667,4.253472222222222,popTMA,C05,16,0,4048.0326230915744,31,4,7,10,4.253472222222222,0.2857142857142857,0.36363636363636365,0.32,1.6457142857142857,70.75,86.0,"[14.0, 97.0, 88.0, 84.0]",
CGMacros-017,healthy,48,40,5.635416666666667,4.253472222222222,popTMA,C05-15,16,0,4048.0326230915744,31,6,5,8,4.253472222222222,0.42857142857142855,0.5454545454545454,0.48,1.1755102040816325,44.666666666666664,49.0,"[-5.0, 14.0, 97.0, 88.0, -10.0, 84.0]",
CGMacros-017,healthy,48,40,5.635416666666667,4.253472222222222,popTMA,native,16,0,4048.0326230915744,31,11,3,5,4.253472222222222,0.6875,0.7857142857142857,0.7333333333333333,0.7053061224489796,-25.0,-20.0,"[-90.0, -5.0, 10.0, -20.0, -30.0, -20.0, -20.0, -25.0, -30.0, -10.0, -35.0]",55.0
CGMacros-018,healthy,39,36,5.295138888888889,4.381944444444445,persTMA,C05,14,0,2305.097002404982,13,6,1,7,4.381944444444445,0.46153846153846156,0.8571428571428571,0.6,0.2282091917591125,19.166666666666668,8.0,"[6.0, 14.0, 10.0, 5.0, 78.0, 2.0]",
CGMacros-018,healthy,39,36,5.295138888888889,4.381944444444445,persTMA,C05-15,14,0,2305.097002404982,13,6,1,7,4.381944444444445,0.46153846153846156,0.8571428571428571,0.6,0.2282091917591125,19.166666666666668,8.0,"[6.0, 14.0, 10.0, 5.0, 78.0, 2.0]",
CGMacros-018,healthy,39,36,5.295138888888889,4.381944444444445,persTMA,native,14,0,2305.097002404982,13,7,2,7,4.381944444444445,0.5,0.7777777777777778,0.6086956521739131,0.456418383518225,12.142857142857142,5.0,"[5.0, 10.0, 10.0, -20.0, 5.0, 75.0, 0.0]",35.0
CGMacros-018,healthy,39,36,5.295138888888889,4.381944444444445,popTMA,C05,14,0,4942.816035175812,31,0,10,13,4.381944444444445,0.0,0.0,0.0,2.282091917591125,,,[],
CGMacros-018,healthy,39,36,5.295138888888889,4.381944444444445,popTMA,C05-15,14,0,4942.816035175812,31,0,10,13,4.381944444444445,0.0,0.0,0.0,2.282091917591125,,,[],
CGMacros-018,healthy,39,36,5.295138888888889,4.381944444444445,popTMA,native,14,0,4942.816035175812,31,9,3,5,4.381944444444445,0.6428571428571429,0.75,0.6923076923076923,0.6846275752773375,-29.444444444444443,-30.0,"[-20.0, -35.0, -25.0, -20.0, -50.0, -30.0, -25.0, -30.0, -30.0]",45.0
CGMacros-019,healthy,48,44,6.190972222222222,3.7118055555555554,persTMA,C05,17,0,903.5693751059116,16,6,13,11,3.7118055555555554,0.35294117647058826,0.3157894736842105,0.3333333333333333,3.5023386342376055,69.16666666666667,73.5,"[80.0, 70.0, 10.0, 108.0, 77.0, 70.0]",
CGMacros-019,healthy,48,44,6.190972222222222,3.7118055555555554,persTMA,C05-15,17,0,903.5693751059116,16,9,9,8,3.7118055555555554,0.5294117647058824,0.5,0.5142857142857142,2.4246959775491113,22.88888888888889,10.0,"[-10.0, 24.0, 70.0, 10.0, -9.0, -14.0, -12.0, 77.0, 70.0]",
CGMacros-019,healthy,48,44,6.190972222222222,3.7118055555555554,persTMA,native,17,0,903.5693751059116,16,17,10,0,3.7118055555555554,1.0,0.6296296296296297,0.7727272727272727,2.694106641721235,-9.117647058823529,-20.0,"[-10.0, 20.0, 70.0, 35.0, -35.0, -35.0, 10.0, -10.0, -25.0, -15.0, -15.0, -25.0, -20.0, -25.0, -20.0, -20.0, -35.0]",20.0
CGMacros-019,healthy,48,44,6.190972222222222,3.7118055555555554,popTMA,C05,17,0,4905.737164656333,31,4,6,13,3.7118055555555554,0.23529411764705882,0.4,0.2962962962962963,1.616463985032741,80.0,76.0,"[60.0, 108.0, 82.0, 70.0]",
CGMacros-019,healthy,48,44,6.190972222222222,3.7118055555555554,popTMA,C05-15,17,0,4905.737164656333,31,6,3,11,3.7118055555555554,0.35294117647058826,0.6666666666666666,0.46153846153846156,0.8082319925163705,29.666666666666668,25.5,"[60.0, -9.0, -12.0, 82.0, -13.0, 70.0]",
CGMacros-019,healthy,48,44,6.190972222222222,3.7118055555555554,popTMA,native,17,0,4905.737164656333,31,9,1,8,3.7118055555555554,0.5294117647058824,0.9,0.6666666666666666,0.2694106641721235,-33.333333333333336,-25.0,"[-70.0, -30.0, -85.0, -10.0, -15.0, -25.0, -15.0, -15.0, -35.0]",50.0
CGMacros-020,prediabetes,41,38,6.052083333333333,3.861111111111111,persTMA,C05,15,0,8676.472582636696,26,2,9,10,3.861111111111111,0.16666666666666666,0.18181818181818182,0.17391304347826086,2.3309352517985613,33.0,33.0,"[12.0, 54.0]",
CGMacros-020,prediabetes,41,38,6.052083333333333,3.861111111111111,persTMA,C05-15,15,0,8676.472582636696,26,7,4,5,3.861111111111111,0.5833333333333334,0.6363636363636364,0.6086956521739131,1.0359712230215827,2.7142857142857144,-5.0,"[-5.0, 12.0, -12.0, 54.0, -13.0, -2.0, -15.0]",
CGMacros-020,prediabetes,41,38,6.052083333333333,3.861111111111111,persTMA,native,15,0,8676.472582636696,26,12,2,3,3.861111111111111,0.8,0.8571428571428571,0.8275862068965517,0.5179856115107914,-11.666666666666666,-15.0,"[-5.0, 10.0, -20.0, -15.0, -30.0, -30.0, 50.0, -15.0, -30.0, -35.0, -5.0, -15.0]",50.0
CGMacros-020,prediabetes,41,38,6.052083333333333,3.861111111111111,popTMA,C05,15,0,4890.774934740635,31,7,5,5,3.861111111111111,0.5833333333333334,0.5833333333333334,0.5833333333333334,1.2949640287769784,30.714285714285715,8.0,"[5.0, 22.0, 3.0, 69.0, 2.0, 106.0, 8.0]",
CGMacros-020,prediabetes,41,38,6.052083333333333,3.861111111111111,popTMA,C05-15,15,0,4890.774934740635,31,9,2,3,3.861111111111111,0.75,0.8181818181818182,0.782608695652174,0.5179856115107914,8.88888888888889,3.0,"[5.0, 22.0, -10.0, 3.0, 69.0, 2.0, -14.0, 8.0, -5.0]",
CGMacros-020,prediabetes,41,38,6.052083333333333,3.861111111111111,popTMA,native,15,0,4890.774934740635,31,12,2,3,3.861111111111111,0.8,0.8571428571428571,0.8275862068965517,0.5179856115107914,-2.9166666666666665,-2.5,"[5.0, 20.0, -10.0, 0.0, -20.0, -5.0, 5.0, 0.0, -15.0, -15.0, 5.0, -5.0]",72.5
CGMacros-021,healthy,39,37,6.211805555555555,3.701388888888889,persTMA,C05,14,0,2279.4207787134883,18,7,4,3,3.701388888888889,0.7,0.6363636363636364,0.6666666666666666,1.0806754221388368,32.857142857142854,26.0,"[80.0, 16.0, 9.0, 25.0, 26.0, 43.0, 31.0]",
CGMacros-021,healthy,39,37,6.211805555555555,3.701388888888889,persTMA,C05-15,14,0,2279.4207787134883,18,7,4,3,3.701388888888889,0.7,0.6363636363636364,0.6666666666666666,1.0806754221388368,32.857142857142854,26.0,"[80.0, 16.0, 9.0, 25.0, 26.0, 43.0, 31.0]",
CGMacros-021,healthy,39,37,6.211805555555555,3.701388888888889,persTMA,native,14,0,2279.4207787134883,18,8,5,6,3.701388888888889,0.5714285714285714,0.6153846153846154,0.5925925925925926,1.350844277673546,18.75,20.0,"[10.0, 15.0, 5.0, 25.0, 25.0, 0.0, 40.0, 30.0]",65.0
CGMacros-021,healthy,39,37,6.211805555555555,3.701388888888889,popTMA,C05,14,0,4437.384514182653,31,1,7,9,3.701388888888889,0.1,0.125,0.1111111111111111,1.8911819887429644,82.0,82.0,[82.0],
CGMacros-021,healthy,39,37,6.211805555555555,3.701388888888889,popTMA,C05-15,14,0,4437.384514182653,31,5,3,5,3.701388888888889,0.5,0.625,0.5555555555555556,0.8105065666041276,7.4,-14.0,"[82.0, -15.0, -14.0, -2.0, -14.0]",
CGMacros-021,healthy,39,37,6.211805555555555,3.701388888888889,popTMA,native,14,0,4437.384514182653,31,9,2,5,3.701388888888889,0.6428571428571429,0.8181818181818182,0.72,0.5403377110694184,-22.77777777777778,-20.0,"[-35.0, -30.0, -20.0, -35.0, -15.0, -15.0, -35.0, -5.0, -15.0]",55.0
CGMacros-022,prediabetes,42,39,6.059027777777778,3.8541666666666665,persTMA,C05,15,0,2543.3670265545297,17,3,14,12,3.8541666666666665,0.2,0.17647058823529413,0.1875,3.6324324324324326,87.0,86.0,"[86.0, 105.0, 70.0]",
CGMacros-022,prediabetes,42,39,6.059027777777778,3.8541666666666665,persTMA,C05-15,15,0,2543.3670265545297,17,7,11,8,3.8541666666666665,0.4666666666666667,0.3888888888888889,0.42424242424242425,2.854054054054054,32.0,-4.0,"[-12.0, 86.0, 105.0, -13.0, -8.0, 70.0, -4.0]",
CGMacros-022,prediabetes,42,39,6.059027777777778,3.8541666666666665,persTMA,native,15,0,2543.3670265545297,17,12,9,3,3.8541666666666665,0.8,0.5714285714285714,0.6666666666666666,2.3351351351351353,-23.75,-20.0,"[-20.0, -15.0, -35.0, -25.0, -20.0, -20.0, -30.0, -15.0, -20.0, -10.0, -25.0, -50.0]",20.0
CGMacros-022,prediabetes,42,39,6.059027777777778,3.8541666666666665,popTMA,C05,15,0,4908.971698081514,32,3,10,12,3.8541666666666665,0.2,0.23076923076923078,0.21428571428571427,2.5945945945945947,83.66666666666667,80.0,"[76.0, 95.0, 80.0]",
CGMacros-022,prediabetes,42,39,6.059027777777778,3.8541666666666665,popTMA,C05-15,15,0,4908.971698081514,32,5,8,10,3.8541666666666665,0.3333333333333333,0.38461538461538464,0.35714285714285715,2.075675675675676,45.0,76.0,"[76.0, 95.0, -13.0, -13.0, 80.0]",
CGMacros-022,prediabetes,42,39,6.059027777777778,3.8541666666666665,popTMA,native,15,0,4908.971698081514,32,11,4,4,3.8541666666666665,0.7333333333333333,0.7333333333333333,0.7333333333333333,1.037837837837838,-32.27272727272727,-40.0,"[-40.0, -25.0, -45.0, -40.0, -25.0, -30.0, -15.0, -40.0, -15.0, -40.0, -40.0]",40.0
CGMacros-023,prediabetes,42,40,5.722222222222222,4.184027777777778,persTMA,C05,16,0,7233.395253539762,21,11,4,3,4.184027777777778,0.7857142857142857,0.7333333333333333,0.7586206896551724,0.9560165975103735,28.0,18.0,"[13.0, 40.0, 87.0, 21.0, 20.0, 5.0, 18.0, 8.0, 16.0, 13.0, 67.0]",
CGMacros-023,prediabetes,42,40,5.722222222222222,4.184027777777778,persTMA,C05-15,16,0,7233.395253539762,21,12,2,2,4.184027777777778,0.8571428571428571,0.8571428571428571,0.8571428571428571,0.47800829875518674,17.666666666666668,14.5,"[-1.0, 13.0, 40.0, -8.0, 21.0, 20.0, 5.0, 18.0, 8.0, 16.0, 13.0, 67.0]",
CGMacros-023,prediabetes,42,40,5.722222222222222,4.184027777777778,persTMA,native,16,0,7233.395253539762,21,14,4,2,4.184027777777778,0.875,0.7777777777777778,0.8235294117647058,0.9560165975103735,8.928571428571429,10.0,"[-5.0, 10.0, 40.0, -10.0, -10.0, 20.0, 20.0, 5.0, 15.0, 5.0, 15.0, 10.0, -20.0, 30.0]",60.0
CGMacros-023,prediabetes,42,40,5.722222222222222,4.184027777777778,popTMA,C05,16,0,4843.796789631408,31,8,8,6,4.184027777777778,0.5714285714285714,0.5,0.5333333333333333,1.912033195020747,25.75,6.0,"[10.0, 77.0, 6.0, 6.0, 5.0, 3.0, 98.0, 1.0]",
CGMacros-023,prediabetes,42,40,5.722222222222222,4.184027777777778,popTMA,C05-15,16,0,4843.796789631408,31,10,5,4,4.184027777777778,0.7142857142857143,0.6666666666666666,0.6896551724137931,1.1950207468879668,9.7,4.0,"[-2.0, 10.0, 77.0, 6.0, 6.0, 5.0, 3.0, -7.0, 1.0, -2.0]",
CGMacros-023,prediabetes,42,40,5.722222222222222,4.184027777777778,popTMA,native,16,0,4843.796789631408,31,15,5,1,4.184027777777778,0.9375,0.75,0.8333333333333334,1.1950207468879668,-8.666666666666666,-5.0,"[-20.0, -5.0, 10.0, -30.0, -30.0, 5.0, 5.0, 5.0, -25.0, 0.0, -10.0, 0.0, -5.0, -35.0, 5.0]",70.0
CGMacros-026,prediabetes,36,34,4.534722222222222,5.065972222222222,persTMA,C05,12,1,4183.211341423297,15,8,4,3,5.065972222222222,0.7272727272727273,0.6666666666666666,0.6956521739130435,0.7895819054146676,11.375,12.0,"[13.0, 5.0, 8.0, 11.0, 16.0, 20.0, 1.0, 17.0]",
CGMacros-026,prediabetes,36,34,4.534722222222222,5.065972222222222,persTMA,C05-15,12,1,4183.211341423297,15,8,4,3,5.065972222222222,0.7272727272727273,0.6666666666666666,0.6956521739130435,0.7895819054146676,11.375,12.0,"[13.0, 5.0, 8.0, 11.0, 16.0, 20.0, 1.0, 17.0]",
CGMacros-026,prediabetes,36,34,4.534722222222222,5.065972222222222,persTMA,native,12,1,4183.211341423297,15,9,11,3,5.065972222222222,0.75,0.45,0.5625,2.171350239890336,10.0,10.0,"[10.0, 10.0, 5.0, 5.0, 10.0, 15.0, 20.0, 0.0, 15.0]",45.0
CGMacros-026,prediabetes,36,34,4.534722222222222,5.065972222222222,popTMA,C05,12,1,3988.754092548792,31,1,18,10,5.065972222222222,0.09090909090909091,0.05263157894736842,0.06666666666666667,3.553118574366004,76.0,76.0,[76.0],
CGMacros-026,prediabetes,36,34,4.534722222222222,5.065972222222222,popTMA,C05-15,12,1,3988.754092548792,31,3,16,8,5.065972222222222,0.2727272727272727,0.15789473684210525,0.2,3.15832762165867,19.0,-9.0,"[76.0, -9.0, -10.0]",
CGMacros-026,prediabetes,36,34,4.534722222222222,5.065972222222222,popTMA,native,12,1,3988.754092548792,31,10,18,2,5.065972222222222,0.8333333333333334,0.35714285714285715,0.5,3.553118574366004,-25.5,-27.5,"[-30.0, -25.0, -35.0, -35.0, -30.0, -10.0, -25.0, -10.0, -35.0, -20.0]",47.5
CGMacros-027,healthy,36,33,6.274305555555555,3.59375,persTMA,C05,13,0,1363.099171149266,12,5,3,7,3.59375,0.4166666666666667,0.625,0.5,0.8347826086956521,25.0,10.0,"[8.0, 59.0, 10.0, 8.0, 40.0]",
CGMacros-027,healthy,36,33,6.274305555555555,3.59375,persTMA,C05-15,13,0,1363.099171149266,12,7,1,5,3.59375,0.5833333333333334,0.875,0.7,0.2782608695652174,16.428571428571427,8.0,"[8.0, 59.0, -7.0, 10.0, -3.0, 8.0, 40.0]",
CGMacros-027,healthy,36,33,6.274305555555555,3.59375,persTMA,native,13,0,1363.099171149266,12,7,2,6,3.59375,0.5384615384615384,0.7777777777777778,0.6363636363636364,0.5565217391304348,14.285714285714286,5.0,"[5.0, 55.0, -10.0, 10.0, -5.0, 5.0, 40.0]",35.0
CGMacros-027,healthy,36,33,6.274305555555555,3.59375,popTMA,C05,13,0,5319.843070288109,31,4,3,8,3.59375,0.3333333333333333,0.5714285714285714,0.42105263157894735,0.8347826086956521,21.75,20.0,"[39.0, 10.0, 8.0, 30.0]",
CGMacros-027,healthy,36,33,6.274305555555555,3.59375,popTMA,C05-15,13,0,5319.843070288109,31,5,2,7,3.59375,0.4166666666666667,0.7142857142857143,0.5263157894736842,0.5565217391304348,17.0,10.0,"[-2.0, 39.0, 10.0, 8.0, 30.0]",
CGMacros-027,healthy,36,33,6.274305555555555,3.59375,popTMA,native,13,0,5319.843070288109,31,7,0,6,3.59375,0.5384615384615384,1.0,0.7,0.0,3.5714285714285716,5.0,"[-5.0, 35.0, -25.0, 10.0, -25.0, 5.0, 30.0]",80.0
CGMacros-028,T2D,34,33,5.697916666666667,4.197916666666667,persTMA,C05,13,0,1620.2540681501996,17,10,8,3,4.197916666666667,0.7692307692307693,0.5555555555555556,0.6451612903225806,1.9057071960297765,28.6,20.0,"[35.0, 25.0, 80.0, 15.0, 12.0, 2.0, 57.0, 1.0, 58.0, 1.0]",
CGMacros-028,T2D,34,33,5.697916666666667,4.197916666666667,persTMA,C05-15,13,0,1620.2540681501996,17,12,3,1,4.197916666666667,0.9230769230769231,0.8,0.8571428571428571,0.7146401985111662,6.25,1.0,"[-15.0, 25.0, -5.0, -4.0, 15.0, 12.0, 2.0, 57.0, 1.0, -12.0, -2.0, 1.0]",
CGMacros-028,T2D,34,33,5.697916666666667,4.197916666666667,persTMA,native,13,0,1620.2540681501996,17,12,8,1,4.197916666666667,0.9230769230769231,0.6,0.7272727272727273,1.9057071960297765,5.0,0.0,"[-15.0, 25.0, -5.0, -5.0, 15.0, 10.0, 0.0, 55.0, 0.0, -15.0, -5.0, 0.0]",40.0
CGMacros-028,T2D,34,33,5.697916666666667,4.197916666666667,popTMA,C05,13,0,4008.9914151264093,31,4,11,9,4.197916666666667,0.3076923076923077,0.26666666666666666,0.2857142857142857,2.620347394540943,14.75,6.0,"[5.0, 5.0, 7.0, 42.0]",
CGMacros-028,T2D,34,33,5.697916666666667,4.197916666666667,popTMA,C05-15,13,0,4008.9914151264093,31,9,6,4,4.197916666666667,0.6923076923076923,0.6,0.6428571428571429,1.4292803970223324,1.3333333333333333,-7.0,"[5.0, -9.0, 5.0, 7.0, -8.0, 42.0, -14.0, -7.0, -9.0]",
CGMacros-028,T2D,34,33,5.697916666666667,4.197916666666667,popTMA,native,13,0,4008.9914151264093,31,12,4,1,4.197916666666667,0.9230769230769231,0.75,0.8275862068965517,0.9528535980148882,-10.833333333333334,-10.0,"[-20.0, 5.0, -25.0, -10.0, 5.0, 5.0, -10.0, 40.0, -75.0, -25.0, -10.0, -10.0]",65.0
CGMacros-029,prediabetes,30,30,5.975694444444445,3.9375,persTMA,C05,12,0,3247.3187423726613,17,5,6,3,3.9375,0.625,0.45454545454545453,0.5263157894736842,1.5238095238095237,6.8,7.0,"[0.0, 2.0, 7.0, 7.0, 18.0]",
CGMacros-029,prediabetes,30,30,5.975694444444445,3.9375,persTMA,C05-15,12,0,3247.3187423726613,17,7,4,1,3.9375,0.875,0.6363636363636364,0.7368421052631579,1.0158730158730158,2.2857142857142856,2.0,"[0.0, -10.0, 2.0, 7.0, -8.0, 7.0, 18.0]",
CGMacros-029,prediabetes,30,30,5.975694444444445,3.9375,persTMA,native,12,0,3247.3187423726613,17,10,5,2,3.9375,0.8333333333333334,0.6666666666666666,0.7407407407407407,1.2698412698412698,-1.5,0.0,"[0.0, -10.0, -5.0, 0.0, 0.0, 5.0, -10.0, -15.0, 5.0, 15.0]",40.0
CGMacros-029,prediabetes,30,30,5.975694444444445,3.9375,popTMA,C05,12,0,4407.83650052928,31,5,3,3,3.9375,0.625,0.625,0.625,0.7619047619047619,4.8,2.0,"[0.0, 2.0, 7.0, 2.0, 13.0]",
CGMacros-029,prediabetes,30,30,5.975694444444445,3.9375,popTMA,C05-15,12,0,4407.83650052928,31,7,1,1,3.9375,0.875,0.875,0.875,0.25396825396825395,0.14285714285714285,2.0,"[0.0, -15.0, 2.0, 7.0, -8.0, 2.0, 13.0]",
CGMacros-029,prediabetes,30,30,5.975694444444445,3.9375,popTMA,native,12,0,4407.83650052928,31,10,2,2,3.9375,0.8333333333333334,0.8333333333333334,0.8333333333333334,0.5079365079365079,-4.0,0.0,"[0.0, -15.0, -10.0, 0.0, 0.0, 5.0, -10.0, -20.0, 0.0, 10.0]",75.0
CGMacros-030,T2D,28,27,6.215277777777778,3.6527777777777777,persTMA,C05,9,1,3440.05781173341,10,5,6,4,3.6527777777777777,0.5555555555555556,0.45454545454545453,0.5,1.6425855513307985,33.6,30.0,"[3.0, 64.0, 28.0, 43.0, 30.0]",
CGMacros-030,T2D,28,27,6.215277777777778,3.6527777777777777,persTMA,C05-15,9,1,3440.05781173341,10,6,3,3,3.6527777777777777,0.6666666666666666,0.6666666666666666,0.6666666666666666,0.8212927756653993,7.0,1.0,"[3.0, -11.0, 28.0, -7.0, 30.0, -1.0]",
CGMacros-030,T2D,28,27,6.215277777777778,3.6527777777777777,persTMA,native,9,1,3440.05781173341,10,6,6,3,3.6527777777777777,0.6666666666666666,0.5,0.5714285714285714,1.6425855513307985,4.166666666666667,-2.5,"[0.0, -15.0, 25.0, -10.0, 30.0, -5.0]",22.5
CGMacros-030,T2D,28,27,6.215277777777778,3.6527777777777777,popTMA,C05,9,1,3896.35913424546,31,4,7,5,3.6527777777777777,0.4444444444444444,0.36363636363636365,0.4,1.9163498098859315,29.75,31.5,"[54.0, 33.0, 30.0, 2.0]",
CGMacros-030,T2D,28,27,6.215277777777778,3.6527777777777777,popTMA,C05-15,9,1,3896.35913424546,31,6,5,3,3.6527777777777777,0.6666666666666666,0.5454545454545454,0.6,1.3688212927756653,17.666666666666668,16.0,"[-7.0, 54.0, 33.0, 30.0, 2.0, -6.0]",
CGMacros-030,T2D,28,27,6.215277777777778,3.6527777777777777,popTMA,native,9,1,3896.35913424546,31,7,7,2,3.6527777777777777,0.7777777777777778,0.5,0.6086956521739131,1.9163498098859315,-2.857142857142857,-10.0,"[-10.0, -30.0, -30.0, 30.0, 30.0, 0.0, -10.0]",65.0
CGMacros-031,healthy,54,47,6.21875,3.2743055555555554,persTMA,C05,18,0,1106.8534239400724,12,7,4,10,3.2743055555555554,0.4117647058823529,0.6363636363636364,0.5,1.2216330858960764,33.142857142857146,24.0,"[29.0, 9.0, 24.0, 24.0, 4.0, 113.0, 29.0]",
CGMacros-031,healthy,54,47,6.21875,3.2743055555555554,persTMA,C05-15,18,0,1106.8534239400724,12,9,2,8,3.2743055555555554,0.5294117647058824,0.8181818181818182,0.6428571428571429,0.6108165429480382,24.333333333333332,24.0,"[29.0, 9.0, 24.0, 24.0, 4.0, 113.0, -5.0, 29.0, -8.0]",
CGMacros-031,healthy,54,47,6.21875,3.2743055555555554,persTMA,native,18,0,1106.8534239400724,12,10,3,8,3.2743055555555554,0.5555555555555556,0.7692307692307693,0.6451612903225806,0.9162248144220573,8.0,2.5,"[-20.0, -35.0, 5.0, 20.0, 20.0, 0.0, 80.0, -5.0, 25.0, -10.0]",32.5
CGMacros-031,healthy,54,47,6.21875,3.2743055555555554,popTMA,C05,18,0,4451.685427524739,31,5,1,12,3.2743055555555554,0.29411764705882354,0.8333333333333334,0.43478260869565216,0.3054082714740191,29.8,19.0,"[19.0, 19.0, 9.0, 93.0, 9.0]",
CGMacros-031,healthy,54,47,6.21875,3.2743055555555554,popTMA,C05-15,18,0,4451.685427524739,31,6,0,11,3.2743055555555554,0.35294117647058826,1.0,0.5217391304347826,0.0,23.833333333333332,14.0,"[-6.0, 19.0, 19.0, 9.0, 93.0, 9.0]",
CGMacros-031,healthy,54,47,6.21875,3.2743055555555554,popTMA,native,18,0,4451.685427524739,31,6,1,12,3.2743055555555554,0.3333333333333333,0.8571428571428571,0.48,0.3054082714740191,12.5,10.0,"[-10.0, 15.0, 15.0, 5.0, 45.0, 5.0]",85.0
CGMacros-032,healthy,20,20,6.017361111111111,3.4652777777777777,persTMA,C05,8,0,677.1761195588085,8,3,7,2,3.4652777777777777,0.6,0.3,0.4,2.020040080160321,50.0,37.0,"[37.0, 84.0, 29.0]",
CGMacros-032,healthy,20,20,6.017361111111111,3.4652777777777777,persTMA,C05-15,8,0,677.1761195588085,8,3,7,2,3.4652777777777777,0.6,0.3,0.4,2.020040080160321,50.0,37.0,"[37.0, 84.0, 29.0]",
CGMacros-032,healthy,20,20,6.017361111111111,3.4652777777777777,persTMA,native,8,0,677.1761195588085,8,5,8,3,3.4652777777777777,0.625,0.38461538461538464,0.47619047619047616,2.308617234468938,32.0,35.0,"[45.0, -25.0, 80.0, 35.0, 25.0]",55.0
CGMacros-032,healthy,20,20,6.017361111111111,3.4652777777777777,popTMA,C05,8,0,4066.2934363204913,31,4,13,1,3.4652777777777777,0.8,0.23529411764705882,0.36363636363636365,3.7515030060120242,81.25,103.5,"[107.0, 114.0, 4.0, 100.0]",
CGMacros-032,healthy,20,20,6.017361111111111,3.4652777777777777,popTMA,C05-15,8,0,4066.2934363204913,31,4,12,1,3.4652777777777777,0.8,0.25,0.38095238095238093,3.4629258517034067,21.25,-1.0,"[-13.0, -6.0, 4.0, 100.0]",
CGMacros-032,healthy,20,20,6.017361111111111,3.4652777777777777,popTMA,native,8,0,4066.2934363204913,31,7,15,1,3.4652777777777777,0.875,0.3181818181818182,0.4666666666666667,4.328657314629258,-14.285714285714286,-15.0,"[-15.0, -15.0, -10.0, -15.0, -25.0, -20.0, 0.0]",60.0
CGMacros-033,healthy,33,33,6.024305555555555,3.8472222222222223,persTMA,C05,13,0,4692.554050991073,17,4,9,9,3.8472222222222223,0.3076923076923077,0.3076923076923077,0.3076923076923077,2.339350180505415,15.5,3.0,"[4.0, 54.0, 2.0, 2.0]",
CGMacros-033,healthy,33,33,6.024305555555555,3.8472222222222223,persTMA,C05-15,13,0,4692.554050991073,17,6,7,7,3.8472222222222223,0.46153846153846156,0.46153846153846156,0.46153846153846156,1.819494584837545,9.833333333333334,2.0,"[4.0, -1.0, 54.0, 2.0, -2.0, 2.0]",
CGMacros-033,healthy,33,33,6.024305555555555,3.8472222222222223,persTMA,native,13,0,4692.554050991073,17,7,7,6,3.8472222222222223,0.5384615384615384,0.5,0.5185185185185185,1.819494584837545,-1.4285714285714286,0.0,"[0.0, -50.0, -5.0, 50.0, 0.0, -5.0, 0.0]",40.0
CGMacros-033,healthy,33,33,6.024305555555555,3.8472222222222223,popTMA,C05,13,0,4827.074709788649,31,4,13,9,3.8472222222222223,0.3076923076923077,0.23529411764705882,0.26666666666666666,3.3790613718411553,37.0,15.0,"[114.0, 10.0, 4.0, 20.0]",
CGMacros-033,healthy,33,33,6.024305555555555,3.8472222222222223,popTMA,C05-15,13,0,4827.074709788649,31,6,11,7,3.8472222222222223,0.46153846153846156,0.35294117647058826,0.4,2.859205776173285,22.166666666666668,7.0,"[-2.0, 114.0, 10.0, 4.0, -13.0, 20.0]",
CGMacros-033,healthy,33,33,6.024305555555555,3.8472222222222223,popTMA,native,13,0,4827.074709788649,31,11,9,2,3.8472222222222223,0.8461538461538461,0.55,0.6666666666666666,2.339350180505415,-18.181818181818183,-20.0,"[-5.0, -20.0, -90.0, -20.0, 10.0, 0.0, -15.0, -25.0, -25.0, -30.0, 20.0]",55.0
CGMacros-034,healthy,49,47,5.628472222222222,4.284722222222222,persTMA,C05,18,0,1141.947517875411,16,9,10,8,4.284722222222222,0.5294117647058824,0.47368421052631576,0.5,2.3338735818476497,53.77777777777778,59.0,"[8.0, 92.0, 89.0, 1.0, 34.0, 101.0, 89.0, 59.0, 11.0]",
CGMacros-034,healthy,49,47,5.628472222222222,4.284722222222222,persTMA,C05-15,18,0,1141.947517875411,16,13,6,4,4.284722222222222,0.7647058823529411,0.6842105263157895,0.7222222222222222,1.4003241491085898,36.15384615384615,11.0,"[8.0, 92.0, 89.0, -2.0, 1.0, -9.0, -1.0, 34.0, 101.0, 89.0, 59.0, 11.0, -2.0]",
CGMacros-034,healthy,49,47,5.628472222222222,4.284722222222222,persTMA,native,18,0,1141.947517875411,16,13,12,5,4.284722222222222,0.7222222222222222,0.52,0.6046511627906976,2.8006482982171796,2.6923076923076925,0.0,"[25.0, 5.0, -25.0, -5.0, -5.0, 0.0, -10.0, -5.0, 30.0, 10.0, 10.0, 10.0, -5.0]",40.0
CGMacros-034,healthy,49,47,5.628472222222222,4.284722222222222,popTMA,C05,18,0,3996.4780701937852,31,5,5,12,4.284722222222222,0.29411764705882354,0.5,0.37037037037037035,1.1669367909238249,82.4,71.0,"[119.0, 62.0, 71.0, 94.0, 66.0]",
CGMacros-034,healthy,49,47,5.628472222222222,4.284722222222222,popTMA,C05-15,18,0,3996.4780701937852,31,5,5,12,4.284722222222222,0.29411764705882354,0.5,0.37037037037037035,1.1669367909238249,82.4,71.0,"[119.0, 62.0, 71.0, 94.0, 66.0]",
CGMacros-034,healthy,49,47,5.628472222222222,4.284722222222222,popTMA,native,18,0,3996.4780701937852,31,8,5,10,4.284722222222222,0.4444444444444444,0.6153846153846154,0.5161290322580645,1.1669367909238249,-23.75,-22.5,"[5.0, -20.0, -35.0, -25.0, -25.0, -20.0, 15.0, -85.0]",52.5
CGMacros-035,T2D,27,27,5.989583333333333,3.920138888888889,persTMA,C05,10,0,7468.115652877796,22,4,7,3,3.920138888888889,0.5714285714285714,0.36363636363636365,0.4444444444444444,1.7856510186005314,29.5,26.0,"[14.0, 52.0, 14.0, 38.0]",
CGMacros-035,T2D,27,27,5.989583333333333,3.920138888888889,persTMA,C05-15,10,0,7468.115652877796,22,5,6,2,3.920138888888889,0.7142857142857143,0.45454545454545453,0.5555555555555556,1.5305580159433128,21.8,14.0,"[14.0, 52.0, 14.0, -9.0, 38.0]",
CGMacros-035,T2D,27,27,5.989583333333333,3.920138888888889,persTMA,native,10,0,7468.115652877796,22,8,6,2,3.920138888888889,0.8,0.5714285714285714,0.6666666666666666,1.5305580159433128,16.25,12.5,"[10.0, 5.0, 50.0, 10.0, 15.0, -10.0, 15.0, 35.0]",67.5
CGMacros-035,T2D,27,27,5.989583333333333,3.920138888888889,popTMA,C05,10,0,3948.413474963345,31,4,10,3,3.920138888888889,0.5714285714285714,0.2857142857142857,0.38095238095238093,2.5509300265721877,19.5,16.0,"[14.0, 42.0, 4.0, 18.0]",
CGMacros-035,T2D,27,27,5.989583333333333,3.920138888888889,popTMA,C05-15,10,0,3948.413474963345,31,4,10,3,3.920138888888889,0.5714285714285714,0.2857142857142857,0.38095238095238093,2.5509300265721877,19.5,16.0,"[14.0, 42.0, 4.0, 18.0]",
CGMacros-035,T2D,27,27,5.989583333333333,3.920138888888889,popTMA,native,10,0,3948.413474963345,31,9,11,1,3.920138888888889,0.9,0.45,0.6,2.8060230292294066,1.6666666666666667,0.0,"[10.0, -5.0, 40.0, 0.0, 10.0, -25.0, -30.0, 0.0, 15.0]",75.0
CGMacros-036,T2D,30,30,5.958333333333333,3.954861111111111,persTMA,C05,12,0,5291.596125779413,16,4,2,8,3.954861111111111,0.3333333333333333,0.6666666666666666,0.4444444444444444,0.5057067603160668,32.5,32.0,"[35.0, 39.0, 29.0, 27.0]",
CGMacros-036,T2D,30,30,5.958333333333333,3.954861111111111,persTMA,C05-15,12,0,5291.596125779413,16,4,2,8,3.954861111111111,0.3333333333333333,0.6666666666666666,0.4444444444444444,0.5057067603160668,32.5,32.0,"[35.0, 39.0, 29.0, 27.0]",
CGMacros-036,T2D,30,30,5.958333333333333,3.954861111111111,persTMA,native,12,0,5291.596125779413,16,4,2,8,3.954861111111111,0.3333333333333333,0.6666666666666666,0.4444444444444444,0.5057067603160668,30.0,30.0,"[35.0, 35.0, 25.0, 25.0]",70.0
CGMacros-036,T2D,30,30,5.958333333333333,3.954861111111111,popTMA,C05,12,0,4874.550347159457,31,6,6,6,3.954861111111111,0.5,0.5,0.5,1.5171202809482,44.0,15.5,"[14.0, 114.0, 8.0, 16.0, 15.0, 97.0]",
CGMacros-036,T2D,30,30,5.958333333333333,3.954861111111111,popTMA,C05-15,12,0,4874.550347159457,31,6,4,6,3.954861111111111,0.5,0.6,0.5454545454545454,1.0114135206321335,5.666666666666667,11.0,"[14.0, -6.0, 8.0, 16.0, 15.0, -13.0]",
CGMacros-036,T2D,30,30,5.958333333333333,3.954861111111111,popTMA,native,12,0,4874.550347159457,31,8,4,4,3.954861111111111,0.6666666666666666,0.6666666666666666,0.6666666666666666,1.0114135206321335,-3.125,-2.5,"[10.0, -10.0, 5.0, -25.0, 15.0, 15.0, -20.0, -15.0]",72.5
CGMacros-038,T2D,40,37,6.229166666666667,3.6805555555555554,persTMA,C05,14,0,4223.1437863930405,23,5,4,8,3.6805555555555554,0.38461538461538464,0.5555555555555556,0.45454545454545453,1.0867924528301887,29.0,21.0,"[5.0, 21.0, 7.0, 22.0, 90.0]",
CGMacros-038,T2D,40,37,6.229166666666667,3.6805555555555554,persTMA,C05-15,14,0,4223.1437863930405,23,5,4,8,3.6805555555555554,0.38461538461538464,0.5555555555555556,0.45454545454545453,1.0867924528301887,29.0,21.0,"[5.0, 21.0, 7.0, 22.0, 90.0]",
CGMacros-038,T2D,40,37,6.229166666666667,3.6805555555555554,persTMA,native,14,0,4223.1437863930405,23,5,7,9,3.6805555555555554,0.35714285714285715,0.4166666666666667,0.38461538461538464,1.9018867924528302,16.0,20.0,"[5.0, 20.0, 5.0, 20.0, 30.0]",75.0
CGMacros-038,T2D,40,37,6.229166666666667,3.6805555555555554,popTMA,C05,14,0,4894.144774029584,31,4,7,9,3.6805555555555554,0.3076923076923077,0.36363636363636365,0.3333333333333333,1.9018867924528302,40.25,40.0,"[25.0, 75.0, 6.0, 55.0]",
CGMacros-038,T2D,40,37,6.229166666666667,3.6805555555555554,popTMA,C05-15,14,0,4894.144774029584,31,8,3,5,3.6805555555555554,0.6153846153846154,0.7272727272727273,0.6666666666666666,0.8150943396226416,14.875,1.5,"[-14.0, -3.0, 25.0, 75.0, -13.0, 6.0, -12.0, 55.0]",
CGMacros-038,T2D,40,37,6.229166666666667,3.6805555555555554,popTMA,native,14,0,4894.144774029584,31,9,7,5,3.6805555555555554,0.6428571428571429,0.5625,0.6,1.9018867924528302,-11.11111111111111,-15.0,"[-25.0, -15.0, -5.0, -35.0, 25.0, -15.0, 5.0, -15.0, -20.0]",60.0
CGMacros-039,T2D,34,33,5.138888888888889,4.774305555555555,persTMA,C05,13,0,2451.298325085656,16,5,3,7,4.774305555555555,0.4166666666666667,0.625,0.5,0.6283636363636363,30.8,29.0,"[5.0, 46.0, 62.0, 29.0, 12.0]",
CGMacros-039,T2D,34,33,5.138888888888889,4.774305555555555,persTMA,C05-15,13,0,2451.298325085656,16,5,3,7,4.774305555555555,0.4166666666666667,0.625,0.5,0.6283636363636363,30.8,29.0,"[5.0, 46.0, 62.0, 29.0, 12.0]",
CGMacros-039,T2D,34,33,5.138888888888889,4.774305555555555,persTMA,native,13,0,2451.298325085656,16,6,3,7,4.774305555555555,0.46153846153846156,0.6666666666666666,0.5454545454545454,0.6283636363636363,26.666666666666668,20.0,"[5.0, 15.0, 45.0, 60.0, 25.0, 10.0]",60.0
CGMacros-039,T2D,34,33,5.138888888888889,4.774305555555555,popTMA,C05,13,0,3932.2267526971264,31,7,6,5,4.774305555555555,0.5833333333333334,0.5384615384615384,0.56,1.2567272727272727,15.285714285714286,9.0,"[13.0, 9.0, 48.0, 5.0, 6.0, 17.0, 9.0]",
CGMacros-039,T2D,34,33,5.138888888888889,4.774305555555555,popTMA,C05-15,13,0,3932.2267526971264,31,9,4,3,4.774305555555555,0.75,0.6923076923076923,0.72,0.8378181818181819,8.777777777777779,9.0,"[13.0, -15.0, 9.0, 48.0, 5.0, 6.0, 17.0, 9.0, -13.0]",
CGMacros-039,T2D,34,33,5.138888888888889,4.774305555555555,popTMA,native,13,0,3932.2267526971264,31,11,10,2,4.774305555555555,0.8461538461538461,0.5238095238095238,0.6470588235294118,2.0945454545454547,3.1818181818181817,5.0,"[10.0, -15.0, 5.0, 45.0, -10.0, 5.0, 5.0, 15.0, -15.0, 5.0, -15.0]",80.0
CGMacros-041,prediabetes,48,46,5.677083333333333,4.215277777777778,persTMA,C05,18,0,2240.2941716396163,23,16,1,1,4.215277777777778,0.9411764705882353,0.9411764705882353,0.9411764705882353,0.2372322899505766,22.1875,18.5,"[19.0, 68.0, 1.0, 16.0, 14.0, 46.0, 41.0, 23.0, 0.0, 30.0, 2.0, 12.0, 19.0, 18.0, 18.0, 28.0]",
CGMacros-041,prediabetes,48,46,5.677083333333333,4.215277777777778,persTMA,C05-15,18,0,2240.2941716396163,23,16,1,1,4.215277777777778,0.9411764705882353,0.9411764705882353,0.9411764705882353,0.2372322899505766,22.1875,18.5,"[19.0, 68.0, 1.0, 16.0, 14.0, 46.0, 41.0, 23.0, 0.0, 30.0, 2.0, 12.0, 19.0, 18.0, 18.0, 28.0]",
CGMacros-041,prediabetes,48,46,5.677083333333333,4.215277777777778,persTMA,native,18,0,2240.2941716396163,23,17,5,1,4.215277777777778,0.9444444444444444,0.7727272727272727,0.85,1.186161449752883,19.705882352941178,15.0,"[15.0, 65.0, 0.0, 15.0, 15.0, 10.0, 45.0, 40.0, 20.0, 0.0, 30.0, 0.0, 10.0, 15.0, 15.0, 15.0, 25.0]",70.0
CGMacros-041,prediabetes,48,46,5.677083333333333,4.215277777777778,popTMA,C05,18,0,4890.911601524756,31,7,8,10,4.215277777777778,0.4117647058823529,0.4666666666666667,0.4375,1.8978583196046128,19.285714285714285,8.0,"[4.0, 48.0, 1.0, 21.0, 8.0, 45.0, 8.0]",
CGMacros-041,prediabetes,48,46,5.677083333333333,4.215277777777778,popTMA,C05-15,18,0,4890.911601524756,31,12,2,5,4.215277777777778,0.7058823529411765,0.8571428571428571,0.7741935483870968,0.4744645799011532,5.916666666666667,0.0,"[4.0, 48.0, 1.0, -1.0, 21.0, 8.0, -5.0, -8.0, -1.0, -2.0, -2.0, 8.0]",
CGMacros-041,prediabetes,48,46,5.677083333333333,4.215277777777778,popTMA,native,18,0,4890.911601524756,31,14,2,4,4.215277777777778,0.7777777777777778,0.875,0.8235294117647058,0.4744645799011532,1.0714285714285714,-5.0,"[0.0, 45.0, 0.0, -5.0, -5.0, 20.0, 5.0, -5.0, -20.0, -10.0, -5.0, -5.0, -5.0, 5.0]",70.0
CGMacros-042,T2D,22,22,5.545138888888889,4.368055555555555,persTMA,C05,8,0,9257.483573813868,22,2,11,6,4.368055555555555,0.25,0.15384615384615385,0.19047619047619047,2.518282988871224,70.0,70.0,"[90.0, 50.0]",
CGMacros-042,T2D,22,22,5.545138888888889,4.368055555555555,persTMA,C05-15,8,0,9257.483573813868,22,3,10,5,4.368055555555555,0.375,0.23076923076923078,0.2857142857142857,2.289348171701113,45.0,50.0,"[90.0, 50.0, -5.0]",
CGMacros-042,T2D,22,22,5.545138888888889,4.368055555555555,persTMA,native,8,0,9257.483573813868,22,3,10,5,4.368055555555555,0.375,0.23076923076923078,0.2857142857142857,2.289348171701113,8.333333333333334,-5.0,"[50.0, -5.0, -20.0]",50.0
CGMacros-042,T2D,22,22,5.545138888888889,4.368055555555555,popTMA,C05,8,0,4852.163850754165,31,5,12,3,4.368055555555555,0.625,0.29411764705882354,0.4,2.7472178060413355,82.8,85.0,"[85.0, 40.0, 91.0, 80.0, 118.0]",
CGMacros-042,T2D,22,22,5.545138888888889,4.368055555555555,popTMA,C05-15,8,0,4852.163850754165,31,5,12,3,4.368055555555555,0.625,0.29411764705882354,0.4,2.7472178060413355,82.8,85.0,"[85.0, 40.0, 91.0, 80.0, 118.0]",
CGMacros-042,T2D,22,22,5.545138888888889,4.368055555555555,popTMA,native,8,0,4852.163850754165,31,3,17,5,4.368055555555555,0.375,0.15,0.21428571428571427,3.891891891891892,-3.3333333333333335,-20.0,"[40.0, -20.0, -30.0]",55.0
CGMacros-043,prediabetes,64,51,6.170138888888889,3.732638888888889,persTMA,C05,20,0,1875.7625298232479,17,7,6,9,3.732638888888889,0.4375,0.5384615384615384,0.4827586206896552,1.6074418604651164,30.857142857142858,11.0,"[0.0, 11.0, 10.0, 52.0, 8.0, 76.0, 59.0]",
CGMacros-043,prediabetes,64,51,6.170138888888889,3.732638888888889,persTMA,C05-15,20,0,1875.7625298232479,17,12,1,4,3.732638888888889,0.75,0.9230769230769231,0.8275862068965517,0.26790697674418606,11.916666666666666,4.0,"[0.0, 11.0, 10.0, 52.0, -14.0, 8.0, 76.0, -7.0, -1.0, -11.0, 29.0, -10.0]",
CGMacros-043,prediabetes,64,51,6.170138888888889,3.732638888888889,persTMA,native,20,0,1875.7625298232479,17,17,4,3,3.732638888888889,0.85,0.8095238095238095,0.8292682926829268,1.0716279069767443,5.588235294117647,-5.0,"[0.0, -5.0, 10.0, 10.0, 50.0, -15.0, -15.0, 5.0, -20.0, -15.0, 75.0, -10.0, -5.0, -15.0, 25.0, -10.0, 30.0]",35.0
CGMacros-043,prediabetes,64,51,6.170138888888889,3.732638888888889,popTMA,C05,20,0,5270.308887080006,31,3,7,13,3.732638888888889,0.1875,0.3,0.23076923076923078,1.8753488372093023,34.666666666666664,3.0,"[1.0, 100.0, 3.0]",
CGMacros-043,prediabetes,64,51,6.170138888888889,3.732638888888889,popTMA,C05-15,20,0,5270.308887080006,31,4,6,12,3.732638888888889,0.25,0.4,0.3076923076923077,1.6074418604651164,23.5,2.0,"[-10.0, 1.0, 100.0, 3.0]",
CGMacros-043,prediabetes,64,51,6.170138888888889,3.732638888888889,popTMA,native,20,0,5270.308887080006,31,10,3,10,3.732638888888889,0.5,0.7692307692307693,0.6060606060606061,0.8037209302325582,-7.5,-15.0,"[-10.0, 0.0, 30.0, -30.0, 0.0, -25.0, -20.0, -30.0, -20.0, 30.0]",60.0
CGMacros-044,prediabetes,43,39,6.15625,3.7222222222222223,persTMA,C05,14,1,4423.1717106090055,30,7,0,7,3.7222222222222223,0.5,1.0,0.6666666666666666,0.0,33.714285714285715,35.0,"[31.0, 46.0, 35.0, 33.0, 52.0, 4.0, 35.0]",
CGMacros-044,prediabetes,43,39,6.15625,3.7222222222222223,persTMA,C05-15,14,1,4423.1717106090055,30,7,0,7,3.7222222222222223,0.5,1.0,0.6666666666666666,0.0,33.714285714285715,35.0,"[31.0, 46.0, 35.0, 33.0, 52.0, 4.0, 35.0]",
CGMacros-044,prediabetes,43,39,6.15625,3.7222222222222223,persTMA,native,14,1,4423.1717106090055,30,6,1,8,3.7222222222222223,0.42857142857142855,0.8571428571428571,0.5714285714285714,0.26865671641791045,29.166666666666668,32.5,"[30.0, 45.0, 35.0, 30.0, 0.0, 35.0]",107.5
CGMacros-044,prediabetes,43,39,6.15625,3.7222222222222223,popTMA,C05,14,1,4984.775322826441,30,8,3,6,3.7222222222222223,0.5714285714285714,0.7272727272727273,0.64,0.8059701492537313,32.5,8.5,"[6.0, 11.0, 0.0, 3.0, 99.0, 22.0, 0.0, 119.0]",
CGMacros-044,prediabetes,43,39,6.15625,3.7222222222222223,popTMA,C05-15,14,1,4984.775322826441,30,9,2,5,3.7222222222222223,0.6428571428571429,0.8181818181818182,0.72,0.5373134328358209,28.22222222222222,6.0,"[6.0, 11.0, 0.0, 3.0, 99.0, -6.0, 22.0, 0.0, 119.0]",
CGMacros-044,prediabetes,43,39,6.15625,3.7222222222222223,popTMA,native,14,1,4984.775322826441,30,11,1,3,3.7222222222222223,0.7857142857142857,0.9166666666666666,0.8461538461538461,0.26865671641791045,1.8181818181818181,0.0,"[5.0, 10.0, 0.0, 0.0, -20.0, 40.0, -10.0, 20.0, 10.0, -35.0, 0.0]",75.0
CGMacros-045,prediabetes,32,30,5.756944444444445,3.732638888888889,persTMA,C05,12,0,12229.312597304906,24,6,1,6,3.732638888888889,0.5,0.8571428571428571,0.631578947368421,0.26790697674418606,19.0,13.0,"[13.0, 18.0, 3.0, 57.0, 10.0, 13.0]",
CGMacros-045,prediabetes,32,30,5.756944444444445,3.732638888888889,persTMA,C05-15,12,0,12229.312597304906,24,6,1,6,3.732638888888889,0.5,0.8571428571428571,0.631578947368421,0.26790697674418606,19.0,13.0,"[13.0, 18.0, 3.0, 57.0, 10.0, 13.0]",
CGMacros-045,prediabetes,32,30,5.756944444444445,3.732638888888889,persTMA,native,12,0,12229.312597304906,24,7,2,5,3.732638888888889,0.5833333333333334,0.7777777777777778,0.6666666666666666,0.5358139534883721,10.714285714285714,10.0,"[-25.0, 10.0, 15.0, 0.0, 55.0, 10.0, 10.0]",70.0
CGMacros-045,prediabetes,32,30,5.756944444444445,3.732638888888889,popTMA,C05,12,0,4834.074052934695,31,2,10,10,3.732638888888889,0.16666666666666666,0.16666666666666666,0.16666666666666666,2.6790697674418604,63.5,63.5,"[95.0, 32.0]",
CGMacros-045,prediabetes,32,30,5.756944444444445,3.732638888888889,popTMA,C05-15,12,0,4834.074052934695,31,6,6,6,3.732638888888889,0.5,0.5,0.5,1.6074418604651164,14.333333333333334,-7.0,"[-12.0, 95.0, -7.0, 32.0, -15.0, -7.0]",
CGMacros-045,prediabetes,32,30,5.756944444444445,3.732638888888889,popTMA,native,12,0,4834.074052934695,31,8,9,4,3.732638888888889,0.6666666666666666,0.47058823529411764,0.5517241379310345,2.4111627906976745,-23.75,-20.0,"[-45.0, -15.0, -10.0, -30.0, -25.0, -40.0, -15.0, -10.0]",55.0
CGMacros-046,T2D,29,28,6.177083333333333,3.7152777777777777,persTMA,C05,11,0,12908.116469138273,22,2,5,9,3.7152777777777777,0.18181818181818182,0.2857142857142857,0.2222222222222222,1.3457943925233644,52.0,52.0,"[80.0, 24.0]",
CGMacros-046,T2D,29,28,6.177083333333333,3.7152777777777777,persTMA,C05-15,11,0,12908.116469138273,22,3,4,8,3.7152777777777777,0.2727272727272727,0.42857142857142855,0.3333333333333333,1.0766355140186916,31.0,24.0,"[80.0, 24.0, -11.0]",
CGMacros-046,T2D,29,28,6.177083333333333,3.7152777777777777,persTMA,native,11,0,12908.116469138273,22,5,3,6,3.7152777777777777,0.45454545454545453,0.625,0.5263157894736842,0.8074766355140187,-15.0,-20.0,"[20.0, -20.0, -15.0, -20.0, -40.0]",35.0
CGMacros-046,T2D,29,28,6.177083333333333,3.7152777777777777,popTMA,C05,11,0,4851.318535629995,31,5,7,6,3.7152777777777777,0.45454545454545453,0.4166666666666667,0.43478260869565216,1.8841121495327102,20.4,7.0,"[1.0, 85.0, 9.0, 7.0, 0.0]",
CGMacros-046,T2D,29,28,6.177083333333333,3.7152777777777777,popTMA,C05-15,11,0,4851.318535629995,31,8,4,3,3.7152777777777777,0.7272727272727273,0.6666666666666666,0.6956521739130435,1.0766355140186916,8.5,0.5,"[1.0, 85.0, 9.0, -12.0, -11.0, -11.0, 7.0, 0.0]",
CGMacros-046,T2D,29,28,6.177083333333333,3.7152777777777777,popTMA,native,11,0,4851.318535629995,31,9,5,2,3.7152777777777777,0.8181818181818182,0.6428571428571429,0.72,1.3457943925233644,-15.555555555555555,-15.0,"[0.0, 5.0, -15.0, -15.0, -75.0, -15.0, -30.0, 5.0, 0.0]",60.0
CGMacros-047,T2D,29,29,6.017361111111111,3.861111111111111,persTMA,C05,9,2,3050.101102372095,20,7,8,2,3.861111111111111,0.7777777777777778,0.4666666666666667,0.5833333333333334,2.0719424460431655,57.42857142857143,48.0,"[36.0, 48.0, 23.0, 94.0, 51.0, 107.0, 43.0]",
CGMacros-047,T2D,29,29,6.017361111111111,3.861111111111111,persTMA,C05-15,9,2,3050.101102372095,20,7,8,2,3.861111111111111,0.7777777777777778,0.4666666666666667,0.5833333333333334,2.0719424460431655,57.42857142857143,48.0,"[36.0, 48.0, 23.0, 94.0, 51.0, 107.0, 43.0]",
CGMacros-047,T2D,29,29,6.017361111111111,3.861111111111111,persTMA,native,9,2,3050.101102372095,20,8,9,1,3.861111111111111,0.8888888888888888,0.47058823529411764,0.6153846153846154,2.3309352517985613,15.0,27.5,"[35.0, 45.0, 20.0, -60.0, 50.0, -25.0, 15.0, 40.0]",77.5
CGMacros-047,T2D,29,29,6.017361111111111,3.861111111111111,popTMA,C05,9,2,3971.297898587429,31,5,8,4,3.861111111111111,0.5555555555555556,0.38461538461538464,0.45454545454545453,2.0719424460431655,31.0,30.0,"[39.0, 30.0, 11.0, 67.0, 8.0]",
CGMacros-047,T2D,29,29,6.017361111111111,3.861111111111111,popTMA,C05-15,9,2,3971.297898587429,31,6,7,3,3.861111111111111,0.6666666666666666,0.46153846153846156,0.5454545454545454,1.8129496402877698,24.666666666666668,20.5,"[-7.0, 39.0, 30.0, 11.0, 67.0, 8.0]",
CGMacros-047,T2D,29,29,6.017361111111111,3.861111111111111,popTMA,native,9,2,3971.297898587429,31,7,11,2,3.861111111111111,0.7777777777777778,0.3888888888888889,0.5185185185185185,2.8489208633093526,2.857142857142857,5.0,"[-10.0, -25.0, 35.0, 30.0, 10.0, -25.0, 5.0]",80.0
CGMacros-048,healthy,36,35,5.944444444444445,3.9583333333333335,persTMA,C05,14,0,3886.1947572025347,17,7,2,6,3.9583333333333335,0.5384615384615384,0.7777777777777778,0.6363636363636364,0.5052631578947369,21.571428571428573,21.0,"[23.0, 34.0, 18.0, 23.0, 17.0, 21.0, 15.0]",
CGMacros-048,healthy,36,35,5.944444444444445,3.9583333333333335,persTMA,C05-15,14,0,3886.1947572025347,17,7,2,6,3.9583333333333335,0.5384615384615384,0.7777777777777778,0.6363636363636364,0.5052631578947369,21.571428571428573,21.0,"[23.0, 34.0, 18.0, 23.0, 17.0, 21.0, 15.0]",
CGMacros-048,healthy,36,35,5.944444444444445,3.9583333333333335,persTMA,native,14,0,3886.1947572025347,17,9,2,5,3.9583333333333335,0.6428571428571429,0.8181818181818182,0.72,0.5052631578947369,4.444444444444445,15.0,"[20.0, 30.0, 15.0, 20.0, 15.0, -55.0, 15.0, -40.0, 20.0]",55.0
CGMacros-048,healthy,36,35,5.944444444444445,3.9583333333333335,popTMA,C05,14,0,4943.619760506925,31,1,12,12,3.9583333333333335,0.07692307692307693,0.07692307692307693,0.07692307692307693,3.031578947368421,74.0,74.0,[74.0],
CGMacros-048,healthy,36,35,5.944444444444445,3.9583333333333335,popTMA,C05-15,14,0,4943.619760506925,31,4,9,9,3.9583333333333335,0.3076923076923077,0.3076923076923077,0.3076923076923077,2.2736842105263158,10.5,-9.0,"[-13.0, -14.0, -5.0, 74.0]",
CGMacros-048,healthy,36,35,5.944444444444445,3.9583333333333335,popTMA,native,14,0,4943.619760506925,31,12,2,2,3.9583333333333335,0.8571428571428571,0.8571428571428571,0.8571428571428571,0.5052631578947369,-19.583333333333332,-20.0,"[-20.0, -20.0, -20.0, -25.0, -25.0, -25.0, -20.0, -15.0, -15.0, -30.0, -5.0, -15.0]",55.0
CGMacros-049,T2D,28,27,5.986111111111111,3.9270833333333335,persTMA,C05,10,0,5755.7801394343805,26,9,3,1,3.9270833333333335,0.9,0.75,0.8181818181818182,0.7639257294429708,24.444444444444443,22.0,"[22.0, 16.0, 19.0, 52.0, 21.0, 22.0, 26.0, 7.0, 35.0]",
CGMacros-049,T2D,28,27,5.986111111111111,3.9270833333333335,persTMA,C05-15,10,0,5755.7801394343805,26,10,2,0,3.9270833333333335,1.0,0.8333333333333334,0.9090909090909091,0.5092838196286472,21.7,21.5,"[22.0, 16.0, 19.0, 52.0, 21.0, 22.0, 26.0, 7.0, -3.0, 35.0]",
CGMacros-049,T2D,28,27,5.986111111111111,3.9270833333333335,persTMA,native,10,0,5755.7801394343805,26,10,5,0,3.9270833333333335,1.0,0.6666666666666666,0.8,1.273209549071618,20.0,20.0,"[20.0, 15.0, 15.0, 50.0, 20.0, 20.0, 25.0, 5.0, -5.0, 35.0]",85.0
CGMacros-049,T2D,28,27,5.986111111111111,3.9270833333333335,popTMA,C05,10,0,4966.446948874684,31,7,7,3,3.9270833333333335,0.7,0.5,0.5833333333333334,1.782493368700265,12.0,7.0,"[7.0, 1.0, 32.0, 6.0, 2.0, 11.0, 25.0]",
CGMacros-049,T2D,28,27,5.986111111111111,3.9270833333333335,popTMA,C05-15,10,0,4966.446948874684,31,9,5,1,3.9270833333333335,0.9,0.6428571428571429,0.75,1.273209549071618,8.333333333333334,6.0,"[7.0, 1.0, -1.0, 32.0, 6.0, 2.0, 11.0, -8.0, 25.0]",
CGMacros-049,T2D,28,27,5.986111111111111,3.9270833333333335,popTMA,native,10,0,4966.446948874684,31,10,7,0,3.9270833333333335,1.0,0.5882352941176471,0.7407407407407407,1.782493368700265,4.5,2.5,"[5.0, 0.0, -5.0, 30.0, 5.0, 0.0, 10.0, -10.0, -15.0, 25.0]",77.5
