version,evaluation,group,TP,FP,FN,days,sensitivity,precision,F1,FP_per_day,delay_mean_min,delay_median_min,n_subjects,sens_subject_median_iqr,prec_subject_median_iqr,F1_subject_median_iqr,FPday_subject_median_iqr
persTMA,C05,all,288,233,274,173.02083333333334,0.5124555160142349,0.5527831094049904,0.5318559556786704,1.346658639373871,31.49652777777778,22.0,45,"[0.364, 0.5, 0.714]","[0.364, 0.612, 0.755]","[0.4, 0.5, 0.667]","[0.618, 1.32, 1.906]"
persTMA,C05,T2D,79,78,79,55.14583333333334,0.5,0.5031847133757962,0.5015873015873016,1.4144314318095956,31.88607594936709,24.0,14,"[0.341, 0.486, 0.738]","[0.364, 0.511, 0.656]","[0.384, 0.477, 0.63]","[0.845, 1.494, 1.888]"
persTMA,C05,healthy,99,73,105,57.09027777777778,0.4852941176470588,0.5755813953488372,0.526595744680851,1.2786765600291936,35.525252525252526,29.0,15,"[0.382, 0.462, 0.65]","[0.395, 0.636, 0.817]","[0.441, 0.5, 0.652]","[0.392, 1.138, 2.073]"
persTMA,C05,prediabetes,110,82,90,60.78472222222222,0.55,0.5729166666666666,0.5612244897959183,1.3490231920484406,27.59090909090909,18.0,16,"[0.367, 0.558, 0.727]","[0.455, 0.6, 0.785]","[0.384, 0.612, 0.711]","[0.53, 1.218, 1.618]"
persTMA,C05-15,all,345,169,217,173.02083333333334,0.6138790035587188,0.6712062256809338,0.6412639405204461,0.9767609873570138,22.828985507246376,16.0,45,"[0.462, 0.6, 0.765]","[0.553, 0.675, 0.857]","[0.5, 0.643, 0.762]","[0.285, 0.79, 1.336]"
persTMA,C05-15,T2D,92,60,66,55.14583333333334,0.5822784810126582,0.6052631578947368,0.5935483870967742,1.0880241783150735,22.72826086956522,19.0,14,"[0.377, 0.655, 0.808]","[0.458, 0.646, 0.767]","[0.447, 0.569, 0.772]","[0.55, 0.949, 1.482]"
persTMA,C05-15,healthy,120,51,84,57.09027777777778,0.5882352941176471,0.7017543859649122,0.64,0.893321980294368,26.0,18.0,15,"[0.481, 0.538, 0.707]","[0.618, 0.778, 0.866]","[0.522, 0.643, 0.711]","[0.278, 0.611, 1.308]"
persTMA,C05-15,prediabetes,133,58,67,60.78472222222222,0.665,0.6963350785340314,0.680306905370844,0.9541871358391408,20.037593984962406,13.0,16,"[0.5, 0.71, 0.785]","[0.636, 0.692, 0.857]","[0.582, 0.694, 0.771]","[0.268, 0.781, 1.1]"
persTMA,native,all,424,245,187,173.02083333333334,0.6939443535188216,0.6337817638266069,0.6625,1.416014449127032,4.716981132075472,5.0,45,"[0.538, 0.714, 0.812]","[0.534, 0.667, 0.778]","[0.571, 0.647, 0.741]","[0.557, 1.273, 2.126]"
persTMA,native,T2D,108,76,58,55.14583333333334,0.6506024096385542,0.5869565217391305,0.6171428571428571,1.378163959199093,7.87037037037037,10.0,14,"[0.456, 0.686, 0.867]","[0.478, 0.612, 0.667]","[0.53, 0.593, 0.719]","[0.668, 1.402, 1.905]"
persTMA,native,healthy,146,83,78,57.09027777777778,0.6517857142857143,0.6375545851528385,0.6445916114790287,1.4538377326359324,7.602739726027397,5.0,15,"[0.538, 0.625, 0.718]","[0.566, 0.667, 0.778]","[0.599, 0.643, 0.686]","[0.551, 1.351, 2.064]"
persTMA,native,prediabetes,170,86,51,60.78472222222222,0.7692307692307693,0.6640625,0.7127882599580713,1.4148292014166572,0.23529411764705882,5.0,16,"[0.722, 0.8, 0.838]","[0.561, 0.684, 0.778]","[0.596, 0.692, 0.787]","[0.851, 1.228, 2.138]"
popTMA,C05,all,199,314,363,173.02083333333334,0.3540925266903915,0.38791423001949316,0.3702325581395349,1.8148103552077062,39.4321608040201,30.0,45,"[0.2, 0.333, 0.571]","[0.25, 0.364, 0.5]","[0.231, 0.381, 0.5]","[1.295, 1.875, 2.282]"
popTMA,C05,T2D,76,98,82,55.14583333333334,0.4810126582278481,0.4367816091954023,0.4578313253012048,1.7771061579146201,33.06578947368421,20.0,14,"[0.424, 0.523, 0.58]","[0.341, 0.401, 0.5]","[0.386, 0.435, 0.534]","[1.539, 1.833, 2.033]"
popTMA,C05,healthy,49,101,155,57.09027777777778,0.24019607843137256,0.32666666666666666,0.2768361581920904,1.7691278433280622,53.61224489795919,63.0,15,"[0.112, 0.286, 0.321]","[0.235, 0.286, 0.5]","[0.146, 0.296, 0.396]","[1.153, 1.616, 2.087]"
popTMA,C05,prediabetes,74,115,126,60.78472222222222,0.37,0.3915343915343915,0.38046272493573263,1.8919227693362275,36.58108108108108,29.0,16,"[0.186, 0.333, 0.574]","[0.223, 0.4, 0.546]","[0.208, 0.367, 0.574]","[1.173, 1.919, 2.36]"
popTMA,C05-15,all,283,221,279,173.02083333333334,0.50355871886121,0.5615079365079365,0.5309568480300187,1.2773028296207103,21.003533568904594,7.0,45,"[0.353, 0.538, 0.688]","[0.462, 0.625, 0.75]","[0.381, 0.545, 0.69]","[0.557, 1.077, 1.65]"
popTMA,C05-15,T2D,103,68,55,55.14583333333334,0.6518987341772152,0.6023391812865497,0.6261398176291794,1.2330940687570833,17.825242718446603,8.0,14,"[0.582, 0.657, 0.719]","[0.559, 0.621, 0.719]","[0.545, 0.626, 0.714]","[0.821, 1.073, 1.414]"
popTMA,C05-15,healthy,74,73,130,57.09027777777778,0.3627450980392157,0.5034013605442177,0.42165242165242167,1.2786765600291936,26.27027027027027,8.5,15,"[0.301, 0.357, 0.445]","[0.426, 0.625, 0.69]","[0.362, 0.455, 0.52]","[0.615, 0.834, 1.725]"
popTMA,C05-15,prediabetes,106,80,94,60.78472222222222,0.53,0.5698924731182796,0.5492227979274611,1.3161201873643322,20.41509433962264,5.0,16,"[0.318, 0.613, 0.696]","[0.396, 0.618, 0.825]","[0.345, 0.613, 0.763]","[0.507, 1.242, 1.754]"
popTMA,native,all,404,221,207,173.02083333333334,0.6612111292962357,0.6464,0.6537216828478964,1.2773028296207103,-10.284653465346535,-10.0,45,"[0.538, 0.688, 0.833]","[0.562, 0.75, 0.857]","[0.552, 0.667, 0.786]","[0.508, 0.953, 1.902]"
popTMA,native,T2D,120,95,46,55.14583333333334,0.7228915662650602,0.5581395348837209,0.6299212598425197,1.7227049489988664,-2.5833333333333335,-2.5,14,"[0.649, 0.778, 0.887]","[0.462, 0.575, 0.729]","[0.6, 0.657, 0.762]","[0.967, 1.79, 2.05]"
popTMA,native,healthy,125,50,99,57.09027777777778,0.5580357142857143,0.7142857142857143,0.6265664160401002,0.8758058630336942,-16.76,-20.0,15,"[0.422, 0.538, 0.76]","[0.667, 0.818, 0.879]","[0.5, 0.667, 0.71]","[0.287, 0.545, 0.922]"
popTMA,native,prediabetes,159,76,62,60.78472222222222,0.7194570135746606,0.676595744680851,0.6973684210526315,1.2503141779961155,-11.0062893081761,-10.0,16,"[0.659, 0.756, 0.808]","[0.618, 0.76, 0.862]","[0.6, 0.76, 0.829]","[0.5, 0.921, 1.408]"
